x_val,total_1,total_2
0,1000,1000
1,995,997
2,992,994
3,989,992
4,990,991
5,985,995
6,985,999
7,987,996
8,985,997
9,989,993
10,993,998
11,996,999
12,998,999
13,998,996
14,1004,993
15,1010,994
16,1007,999
17,1010,1005
18,1006,1011
19,1000,1011
20,1006,1015
21,1007,1018
22,1004,1020
23,1011,1022
24,1019,1017
25,1023,1021
26,1018,1017
27,1021,1016
28,1028,1018
29,1025,1021
30,1032,1018
31,1033,1015
32,1029,1012
33,1023,1009
34,1020,1011
35,1024,1010
36,1030,1011
37,1031,1010
38,1035,1014
39,1037,1018
40,1036,1015
41,1031,1011
42,1037,1013
43,1042,1015
44,1040,1016
45,1047,1022
46,1050,1020
47,1054,1024
48,1055,1030
49,1058,1031
50,1064,1027
51,1060,1031
52,1065,1034
53,1062,1036
54,1061,1037
55,1058,1039
56,1059,1044
57,1061,1050
58,1056,1048
59,1062,1051
60,1056,1053
61,1050,1048
62,1052,1046
63,1050,1046
64,1055,1042
65,1059,1041
66,1066,1039
67,1067,1039
68,1068,1038
69,1076,1034
70,1070,1033
71,1076,1031
72,1071,1036
73,1068,1038
74,1074,1040
75,1068,1042
76,1075,1040
77,1080,1046
78,1081,1048
79,1078,1044
80,1073,1049
81,1069,1054
82,1077,1054
83,1071,1051
84,1070,1046
85,1074,1047
86,1082,1051
87,1081,1053
88,1087,1055
89,1094,1061
90,1088,1057
91,1091,1062
92,1086,1057
93,1086,1053
94,1087,1058
95,1084,1054
96,1092,1049
97,1092,1045
98,1098,1046
99,1104,1049
100,1106,1045
101,1106,1048
102,1105,1051
103,1104,1049
104,1112,1052
105,1110,1052
106,1104,1051
107,1105,1047
108,1099,1043
109,1099,1045
110,1107,1045
111,1109,1042
112,1114,1048
113,1113,1052
114,1120,1047
115,1128,1048
116,1127,1052
117,1130,1058
118,1129,1059
119,1125,1057
120,1133,1053
121,1135,1059
122,1134,1063
123,1133,1064
124,1132,1063
125,1133,1062
126,1132,1061
127,1127,1060
128,1132,1064
129,1134,1069
130,1136,1066
131,1138,1072
132,1133,1070
133,1133,1073
134,1138,1070
135,1137,1067
136,1136,1065
137,1141,1071
138,1146,1071
139,1153,1076
140,1150,1082
141,1150,1080
142,1152,1086
143,1148,1089
144,1148,1095
145,1150,1092
146,1149,1094
147,1148,1098
148,1155,1103
149,1158,1108
150,1160,1112
151,1154,1114
152,1148,1117
153,1156,1119
154,1163,1122
155,1165,1126
156,1167,1122
157,1165,1127
158,1165,1127
159,1168,1124
160,1174,1120
161,1175,1116
162,1174,1112
163,1178,1107
164,1176,1108
165,1184,1109
166,1181,1111
167,1186,1116
168,1182,1121
169,1177,1122
170,1176,1119
171,1177,1121
172,1173,1117
173,1171,1115
174,1173,1111
175,1167,1112
176,1169,1116
177,1166,1119
178,1162,1122
179,1158,1126
180,1155,1126
181,1152,1124
182,1147,1125
183,1145,1122
184,1139,1126
185,1146,1125
186,1149,1131
187,1154,1137
188,1158,1136
189,1159,1133
190,1159,1136
191,1158,1142
192,1164,1139
193,1168,1140
194,1171,1142
195,1168,1145
196,1164,1150
197,1172,1153
198,1177,1158
199,1179,1161
200,1175,1164
201,1182,1163
202,1176,1165
203,1180,1169
204,1175,1168
205,1175,1174
206,1174,1171
207,1175,1169
208,1180,1164
209,1176,1163
210,1174,1168
211,1175,1163
212,1183,1166
213,1180,1169
214,1187,1172
215,1186,1174
216,1183,1172
217,1178,1175
218,1177,1174
219,1183,1173
220,1190,1174
221,1188,1170
222,1182,1175
223,1187,1174
224,1183,1169
225,1180,1164
226,1185,1160
227,1187,1159
228,1193,1159
229,1187,1156
230,1184,1158
231,1192,1157
232,1190,1163
233,1195,1160
234,1191,1159
235,1192,1164
236,1196,1165
237,1197,1170
238,1205,1176
239,1209,1171
240,1210,1174
241,1215,1175
242,1209,1175
243,1204,1181
244,1205,1186
245,1208,1191
246,1203,1188
247,1204,1194
248,1201,1200
249,1196,1202
250,1204,1199
251,1203,1194
252,1197,1195
253,1194,1190
254,1191,1188
255,1195,1188
256,1203,1186
257,1202,1192
258,1206,1193
259,1210,1199
260,1212,1199
261,1208,1195
262,1206,1199
263,1213,1194
264,1209,1198
265,1213,1194
266,1218,1195
267,1225,1194
268,1229,1195
269,1226,1199
270,1223,1203
271,1222,1201
272,1228,1199
273,1231,1202
274,1235,1206
275,1236,1207
276,1239,1213
277,1245,1211
278,1240,1208
279,1241,1204
280,1243,1208
281,1246,1210
282,1243,1210
283,1248,1213
284,1245,1215
285,1239,1210
286,1247,1212
287,1243,1209
288,1239,1206
289,1237,1211
290,1245,1215
291,1239,1219
292,1245,1214
293,1242,1215
294,1249,1220
295,1248,1221
296,1245,1217
297,1240,1222
298,1236,1217
299,1235,1212
300,1237,1215
301,1244,1210
302,1249,1207
303,1245,1210
304,1246,1214
305,1242,1217
306,1250,1215
307,1248,1211
308,1242,1216
309,1248,1211
310,1254,1216
311,1262,1211
312,1257,1209
313,1254,1213
314,1261,1217
315,1267,1221
316,1270,1227
317,1273,1222
318,1270,1221
319,1267,1226
320,1266,1224
321,1262,1225
322,1256,1225
323,1257,1220
324,1265,1217
325,1268,1215
326,1272,1217
327,1272,1223
328,1275,1218
329,1270,1215
330,1270,1214
331,1276,1211
332,1270,1209
333,1268,1210
334,1270,1208
335,1276,1208
336,1282,1214
337,1278,1212
338,1282,1209
339,1285,1209
340,1281,1208
341,1289,1213
342,1294,1211
343,1299,1212
344,1306,1213
345,1311,1209
346,1316,1211
347,1313,1207
348,1313,1209
349,1307,1208
350,1313,1211
351,1313,1206
352,1315,1208
353,1322,1211
354,1316,1209
355,1319,1212
356,1326,1208
357,1320,1208
358,1324,1208
359,1318,1203
360,1318,1206
361,1314,1201
362,1319,1203
363,1314,1207
364,1318,1208
365,1323,1207
366,1324,1209
367,1320,1209
368,1318,1206
369,1323,1207
370,1319,1210
371,1313,1216
372,1313,1220
373,1321,1223
374,1318,1227
375,1315,1223
376,1323,1218
377,1324,1222
378,1318,1223
379,1326,1225
380,1330,1227
381,1333,1232
382,1329,1233
383,1330,1238
384,1337,1234
385,1344,1233
386,1338,1228
387,1339,1223
388,1346,1224
389,1350,1230
390,1344,1232
391,1342,1227
392,1347,1223
393,1354,1228
394,1360,1230
395,1361,1227
396,1356,1222
397,1363,1219
398,1363,1220
399,1365,1221
400,1367,1216
401,1368,1214
402,1369,1211
403,1365,1211
404,1368,1213
405,1364,1217
406,1371,1221
407,1371,1220
408,1377,1215
409,1374,1218
410,1376,1213
411,1376,1210
412,1373,1211
413,1369,1210
414,1376,1206
415,1382,1202
416,1377,1201
417,1381,1200
418,1383,1205
419,1381,1208
420,1382,1212
421,1384,1213
422,1381,1216
423,1383,1214
424,1388,1213
425,1389,1211
426,1394,1209
427,1395,1204
428,1399,1205
429,1398,1200
430,1406,1199
431,1400,1198
432,1396,1195
433,1394,1200
434,1389,1197
435,1384,1201
436,1384,1205
437,1385,1207
438,1391,1205
439,1396,1208
440,1404,1214
441,1412,1216
442,1406,1218
443,1411,1223
444,1418,1221
445,1415,1221
446,1415,1223
447,1410,1218
448,1413,1213
449,1411,1214
450,1408,1219
451,1403,1214
452,1410,1214
453,1417,1219
454,1416,1215
455,1421,1210
456,1425,1207
457,1425,1206
458,1424,1211
459,1430,1207
460,1435,1202
461,1441,1199
462,1445,1194
463,1441,1199
464,1446,1197
465,1451,1198
466,1445,1198
467,1446,1200
468,1441,1199
469,1441,1194
470,1437,1195
471,1445,1198
472,1440,1201
473,1439,1205
474,1444,1204
475,1449,1208
476,1443,1210
477,1447,1212
478,1449,1212
479,1446,1209
480,1449,1210
481,1454,1209
482,1449,1206
483,1447,1211
484,1442,1212
485,1438,1218
486,1445,1213
487,1453,1219
488,1451,1220
489,1458,1224
490,1452,1228
491,1452,1224
492,1456,1228
493,1461,1227
494,1466,1222
495,1461,1218
496,1467,1215
497,1461,1216
498,1464,1215
499,1463,1215
500,1464,1211
501,1471,1210
502,1479,1206
503,1473,1210
504,1481,1206
505,1489,1205
506,1494,1204
507,1498,1199
508,1504,1197
509,1503,1194
510,1498,1189
511,1499,1194
512,1507,1194
513,1506,1191
514,1506,1186
515,1513,1184
516,1521,1181
517,1525,1179
518,1532,1176
519,1538,1180
520,1543,1184
521,1550,1190
522,1554,1194
523,1560,1198
524,1567,1193
525,1575,1199
526,1575,1201
527,1578,1201
528,1572,1197
529,1566,1195
530,1570,1196
531,1569,1199
532,1576,1205
533,1571,1210
534,1567,1215
535,1563,1219
536,1559,1225
537,1566,1228
538,1568,1226
539,1575,1232
540,1574,1232
541,1578,1236
542,1579,1240
543,1573,1236
544,1580,1237
545,1581,1237
546,1589,1238
547,1586,1235
548,1584,1234
549,1578,1236
550,1581,1237
551,1584,1237
552,1579,1232
553,1584,1230
554,1589,1235
555,1591,1231
556,1585,1229
557,1593,1225
558,1596,1223
559,1603,1221
560,1611,1220
561,1616,1221
562,1610,1224
563,1606,1221
564,1614,1225
565,1614,1225
566,1608,1228
567,1615,1223
568,1621,1225
569,1622,1221
570,1617,1217
571,1624,1213
572,1625,1216
573,1633,1220
574,1629,1223
575,1634,1226
576,1628,1230
577,1626,1226
578,1631,1227
579,1636,1224
580,1631,1224
581,1634,1225
582,1631,1222
583,1634,1220
584,1628,1224
585,1633,1227
586,1629,1229
587,1636,1224
588,1639,1230
589,1635,1230
590,1636,1231
591,1638,1230
592,1637,1226
593,1642,1228
594,1649,1225
595,1657,1228
596,1660,1225
597,1658,1223
598,1652,1226
599,1657,1230
600,1664,1228
601,1671,1227
602,1674,1227
603,1674,1223
604,1675,1228
605,1683,1224
606,1681,1225
607,1681,1229
608,1683,1235
609,1689,1235
610,1695,1240
611,1697,1235
612,1700,1235
613,1700,1235
614,1706,1236
615,1703,1234
616,1698,1233
617,1696,1237
618,1696,1238
619,1690,1240
620,1697,1245
621,1693,1249
622,1692,1244
623,1700,1250
624,1698,1245
625,1692,1249
626,1700,1248
627,1704,1251
628,1704,1254
629,1701,1252
630,1706,1257
631,1702,1263
632,1696,1260
633,1699,1265
634,1704,1264
635,1702,1267
636,1702,1266
637,1703,1265
638,1711,1263
639,1712,1262
640,1708,1261
641,1703,1257
642,1705,1260
643,1708,1259
644,1711,1261
645,1718,1261
646,1721,1266
647,1727,1267
648,1726,1266
649,1728,1270
650,1724,1269
651,1725,1265
652,1733,1270
653,1739,1274
654,1744,1276
655,1738,1280
656,1744,1285
657,1745,1282
658,1745,1280
659,1752,1286
660,1755,1288
661,1749,1285
662,1753,1283
663,1755,1285
664,1759,1280
665,1762,1279
666,1761,1280
667,1764,1277
668,1761,1274
669,1769,1273
670,1768,1276
671,1772,1282
672,1777,1281
673,1778,1276
674,1776,1271
675,1773,1273
676,1773,1272
677,1775,1269
678,1773,1264
679,1781,1267
680,1778,1270
681,1784,1273
682,1790,1279
683,1785,1282
684,1785,1277
685,1783,1275
686,1786,1275
687,1783,1272
688,1778,1272
689,1778,1276
690,1775,1276
691,1770,1272
692,1776,1273
693,1773,1277
694,1777,1283
695,1772,1282
696,1767,1285
697,1770,1291
698,1766,1288
699,1774,1283
700,1773,1289
701,1772,1287
702,1775,1289
703,1769,1285
704,1772,1291
705,1770,1293
706,1777,1295
707,1782,1292
708,1779,1291
709,1775,1294
710,1780,1291
711,1778,1293
712,1779,1290
713,1785,1288
714,1788,1294
715,1794,1292
716,1799,1290
717,1806,1293
718,1807,1296
719,1804,1296
720,1812,1294
721,1816,1289
722,1812,1285
723,1809,1283
724,1803,1286
725,1808,1287
726,1803,1283
727,1800,1286
728,1803,1284
729,1811,1284
730,1818,1285
731,1814,1284
732,1815,1280
733,1815,1285
734,1823,1291
735,1819,1287
736,1822,1288
737,1824,1283
738,1829,1288
739,1830,1286
740,1835,1291
741,1840,1292
742,1835,1293
743,1838,1293
744,1833,1291
745,1827,1294
746,1831,1296
747,1830,1297
748,1833,1301
749,1833,1302
750,1828,1300
751,1827,1295
752,1833,1297
753,1830,1292
754,1827,1294
755,1832,1295
756,1836,1290
757,1843,1290
758,1843,1289
759,1840,1290
760,1845,1290
761,1842,1293
762,1845,1294
763,1839,1291
764,1840,1291
765,1839,1287
766,1844,1288
767,1841,1286
768,1840,1283
769,1843,1289
770,1849,1292
771,1843,1294
772,1847,1295
773,1846,1301
774,1846,1306
775,1847,1311
776,1850,1313
777,1844,1310
778,1841,1305
779,1845,1303
780,1844,1307
781,1846,1309
782,1843,1310
783,1839,1311
784,1845,1306
785,1846,1304
786,1841,1308
787,1849,1314
788,1845,1309
789,1848,1309
790,1854,1311
791,1861,1315
792,1867,1312
793,1871,1315
794,1875,1312
795,1881,1318
796,1884,1314
797,1885,1315
798,1891,1314
799,1898,1310
800,1906,1315
801,1900,1319
802,1908,1321
803,1913,1319
804,1911,1319
805,1919,1315
806,1919,1317
807,1922,1316
808,1927,1314
809,1933,1316
810,1934,1313
811,1939,1309
812,1936,1308
813,1931,1304
814,1935,1310
815,1935,1306
816,1941,1311
817,1946,1306
818,1942,1309
819,1944,1313
820,1951,1317
821,1949,1316
822,1943,1318
823,1942,1318
824,1940,1316
825,1935,1319
826,1934,1323
827,1934,1324
828,1941,1328
829,1947,1332
830,1953,1331
831,1948,1326
832,1953,1324
833,1954,1325
834,1956,1328
835,1960,1329
836,1960,1331
837,1958,1336
838,1964,1339
839,1958,1343
840,1964,1343
841,1969,1348
842,1963,1345
843,1967,1348
844,1968,1350
845,1973,1356
846,1980,1362
847,1987,1365
848,1990,1365
849,1984,1368
850,1982,1367
851,1990,1370
852,1995,1371
853,2000,1367
854,2008,1369
855,2002,1370
856,2000,1367
857,2002,1362
858,2009,1365
859,2007,1366
860,2003,1365
861,2009,1371
862,2003,1370
863,2008,1376
864,2012,1380
865,2016,1384
866,2010,1388
867,2010,1391
868,2008,1386
869,2007,1382
870,2005,1382
871,2012,1387
872,2020,1384
873,2028,1388
874,2035,1389
875,2042,1388
876,2043,1394
877,2043,1395
878,2040,1392
879,2040,1394
880,2044,1399
881,2043,1396
882,2044,1402
883,2046,1399
884,2049,1396
885,2056,1393
886,2052,1390
887,2055,1386
888,2049,1386
889,2044,1383
890,2042,1386
891,2045,1385
892,2052,1380
893,2051,1382
894,2051,1386
895,2046,1381
896,2047,1387
897,2046,1390
898,2040,1394
899,2042,1394
900,2036,1390
901,2039,1387
902,2036,1390
903,2039,1385
904,2041,1389
905,2048,1392
906,2045,1387
907,2041,1391
908,2045,1392
909,2039,1397
910,2046,1394
911,2045,1397
912,2051,1402
913,2047,1408
914,2045,1404
915,2048,1410
916,2055,1409
917,2052,1407
918,2051,1405
919,2048,1406
920,2049,1408
921,2050,1412
922,2046,1417
923,2050,1423
924,2055,1429
925,2053,1429
926,2059,1427
927,2053,1422
928,2056,1419
929,2052,1424
930,2059,1430
931,2061,1426
932,2055,1429
933,2052,1424
934,2051,1428
935,2052,1429
936,2056,1429
937,2064,1425
938,2060,1430
939,2067,1434
940,2075,1432
941,2073,1431
942,2075,1435
943,2077,1439
944,2079,1445
945,2085,1445
946,2091,1442
947,2093,1445
948,2087,1450
949,2084,1451
950,2086,1456
951,2092,1453
952,2091,1450
953,2085,1451
954,2087,1455
955,2093,1461
956,2094,1462
957,2096,1467
958,2102,1472
959,2102,1468
960,2096,1470
961,2092,1475
962,2095,1475
963,2098,1477
964,2106,1481
965,2110,1485
966,2111,1482
967,2110,1480
968,2110,1478
969,2112,1482
970,2118,1479
971,2124,1478
972,2129,1476
973,2126,1472
974,2122,1477
975,2122,1481
976,2116,1483
977,2111,1483
978,2108,1478
979,2114,1480
980,2108,1478
981,2115,1483
982,2122,1486
983,2122,1491
984,2126,1486
985,2129,1484
986,2137,1490
987,2144,1487
988,2148,1489
989,2154,1491
990,2153,1493
991,2156,1497
992,2164,1498
993,2167,1497
994,2165,1503
995,2165,1498
996,2165,1499
997,2165,1495
998,2167,1501
999,2164,1507
1000,2160,1507
1001,2157,1509
1002,2158,1511
1003,2155,1510
1004,2153,1505
1005,2148,1506
1006,2147,1508
1007,2151,1507
1008,2154,1505
1009,2151,1510
1010,2158,1511
1011,2164,1508
1012,2163,1514
1013,2165,1517
1014,2168,1521
1015,2162,1526
1016,2166,1526
1017,2171,1522
1018,2178,1526
1019,2177,1522
1020,2180,1521
1021,2175,1524
1022,2182,1529
1023,2181,1524
1024,2187,1521
1025,2185,1523
1026,2180,1520
1027,2182,1523
1028,2180,1520
1029,2177,1520
1030,2177,1523
1031,2180,1521
1032,2175,1521
1033,2172,1516
1034,2180,1514
1035,2179,1509
1036,2175,1509
1037,2170,1515
1038,2174,1516
1039,2174,1511
1040,2175,1515
1041,2179,1513
1042,2182,1510
1043,2185,1511
1044,2192,1510
1045,2187,1511
1046,2182,1506
1047,2177,1509
1048,2175,1512
1049,2172,1515
1050,2167,1513
1051,2167,1508
1052,2168,1504
1053,2164,1499
1054,2158,1497
1055,2159,1493
1056,2160,1491
1057,2166,1488
1058,2166,1484
1059,2163,1487
1060,2159,1486
1061,2167,1491
1062,2165,1496
1063,2162,1501
1064,2158,1500
1065,2158,1498
1066,2152,1500
1067,2154,1499
1068,2154,1499
1069,2154,1501
1070,2156,1497
1071,2151,1502
1072,2145,1508
1073,2150,1513
1074,2147,1508
1075,2154,1506
1076,2148,1503
1077,2156,1498
1078,2164,1497
1079,2161,1499
1080,2169,1497
1081,2164,1495
1082,2163,1499
1083,2159,1504
1084,2159,1508
1085,2161,1507
1086,2159,1505
1087,2161,1508
1088,2156,1510
1089,2156,1507
1090,2157,1503
1091,2162,1506
1092,2163,1510
1093,2165,1513
1094,2166,1512
1095,2173,1511
1096,2170,1507
1097,2174,1503
1098,2168,1501
1099,2164,1499
1100,2168,1502
1101,2168,1507
1102,2167,1508
1103,2170,1508
1104,2168,1513
1105,2162,1519
1106,2162,1521
1107,2162,1518
1108,2160,1516
1109,2156,1514
1110,2163,1511
1111,2165,1513
1112,2170,1511
1113,2166,1515
1114,2167,1516
1115,2164,1517
1116,2161,1523
1117,2165,1528
1118,2171,1527
1119,2169,1528
1120,2164,1529
1121,2158,1534
1122,2162,1530
1123,2163,1535
1124,2157,1538
1125,2160,1539
1126,2157,1543
1127,2155,1540
1128,2150,1541
1129,2153,1539
1130,2151,1543
1131,2159,1542
1132,2155,1545
1133,2160,1542
1134,2163,1544
1135,2171,1539
1136,2168,1537
1137,2176,1540
1138,2175,1539
1139,2174,1545
1140,2169,1546
1141,2165,1541
1142,2161,1542
1143,2162,1537
1144,2168,1533
1145,2165,1535
1146,2165,1538
1147,2168,1543
1148,2171,1542
1149,2170,1543
1150,2167,1538
1151,2175,1535
1152,2169,1532
1153,2174,1528
1154,2177,1527
1155,2174,1528
1156,2174,1532
1157,2172,1527
1158,2172,1526
1159,2167,1528
1160,2168,1531
1161,2171,1528
1162,2170,1525
1163,2171,1528
1164,2177,1530
1165,2177,1530
1166,2177,1529
1167,2180,1535
1168,2185,1538
1169,2182,1540
1170,2180,1537
1171,2177,1532
1172,2182,1532
1173,2180,1527
1174,2183,1530
1175,2190,1528
1176,2191,1528
1177,2185,1529
1178,2191,1533
1179,2197,1529
1180,2197,1534
1181,2197,1533
1182,2191,1528
1183,2189,1530
1184,2194,1532
1185,2189,1532
1186,2188,1538
1187,2187,1538
1188,2188,1541
1189,2194,1536
1190,2192,1540
1191,2196,1542
1192,2202,1537
1193,2199,1542
1194,2204,1548
1195,2201,1549
1196,2196,1547
1197,2198,1550
1198,2200,1551
1199,2205,1556
1200,2206,1551
1201,2210,1552
1202,2210,1549
1203,2217,1553
1204,2222,1557
1205,2224,1558
1206,2226,1561
1207,2225,1565
1208,2231,1566
1209,2228,1564
1210,2223,1566
1211,2227,1565
1212,2228,1571
1213,2227,1572
1214,2227,1571
1215,2235,1576
1216,2242,1577
1217,2246,1572
1218,2254,1576
1219,2258,1573
1220,2259,1572
1221,2267,1574
1222,2270,1569
1223,2269,1565
1224,2273,1568
1225,2279,1573
1226,2276,1573
1227,2284,1576
1228,2287,1579
1229,2284,1581
1230,2292,1582
1231,2294,1586
1232,2297,1591
1233,2303,1590
1234,2303,1593
1235,2298,1598
1236,2294,1598
1237,2289,1596
1238,2284,1594
1239,2284,1592
1240,2282,1598
1241,2288,1600
1242,2288,1605
1243,2296,1605
1244,2301,1600
1245,2301,1599
1246,2296,1599
1247,2299,1599
1248,2297,1603
1249,2302,1601
1250,2300,1605
1251,2294,1604
1252,2297,1609
1253,2297,1614
1254,2302,1611
1255,2307,1612
1256,2311,1612
1257,2315,1614
1258,2310,1618
1259,2313,1614
1260,2308,1615
1261,2314,1610
1262,2320,1613
1263,2324,1615
1264,2325,1619
1265,2320,1618
1266,2317,1619
1267,2312,1616
1268,2307,1617
1269,2310,1612
1270,2316,1618
1271,2313,1617
1272,2308,1618
1273,2307,1622
1274,2302,1617
1275,2303,1617
1276,2298,1621
1277,2303,1618
1278,2300,1620
1279,2301,1618
1280,2296,1613
1281,2299,1615
1282,2303,1620
1283,2311,1622
1284,2311,1618
1285,2319,1618
1286,2327,1619
1287,2324,1616
1288,2321,1615
1289,2315,1615
1290,2316,1619
1291,2318,1615
1292,2326,1618
1293,2321,1620
1294,2322,1620
1295,2330,1624
1296,2336,1628
1297,2330,1625
1298,2326,1628
1299,2326,1631
1300,2333,1629
1301,2329,1634
1302,2334,1631
1303,2329,1635
1304,2331,1641
1305,2328,1645
1306,2324,1645
1307,2330,1641
1308,2332,1636
1309,2327,1635
1310,2335,1639
1311,2343,1642
1312,2342,1648
1313,2350,1648
1314,2348,1652
1315,2349,1648
1316,2354,1646
1317,2360,1652
1318,2355,1653
1319,2355,1659
1320,2363,1662
1321,2357,1657
1322,2364,1660
1323,2358,1657
1324,2358,1654
1325,2356,1655
1326,2356,1660
1327,2359,1663
1328,2365,1660
1329,2359,1662
1330,2357,1660
1331,2354,1657
1332,2352,1653
1333,2353,1658
1334,2358,1659
1335,2352,1663
1336,2353,1668
1337,2350,1663
1338,2357,1666
1339,2354,1666
1340,2356,1666
1341,2356,1664
1342,2363,1667
1343,2360,1670
1344,2360,1665
1345,2359,1662
1346,2362,1667
1347,2370,1667
1348,2367,1666
1349,2375,1663
1350,2377,1663
1351,2377,1662
1352,2384,1657
1353,2379,1661
1354,2383,1658
1355,2389,1662
1356,2385,1667
1357,2387,1669
1358,2385,1673
1359,2388,1679
1360,2392,1681
1361,2391,1677
1362,2392,1676
1363,2386,1673
1364,2390,1679
1365,2391,1679
1366,2398,1684
1367,2401,1686
1368,2398,1689
1369,2399,1689
1370,2399,1684
1371,2404,1683
1372,2412,1689
1373,2419,1690
1374,2417,1690
1375,2414,1688
1376,2422,1689
1377,2416,1687
1378,2411,1684
1379,2411,1687
1380,2406,1682
1381,2407,1677
1382,2408,1680
1383,2413,1684
1384,2412,1680
1385,2408,1683
1386,2413,1678
1387,2415,1679
1388,2420,1680
1389,2424,1676
1390,2429,1671
1391,2432,1675
1392,2435,1678
1393,2440,1684
1394,2439,1685
1395,2438,1689
1396,2435,1691
1397,2430,1686
1398,2435,1686
1399,2433,1692
1400,2434,1692
1401,2430,1688
1402,2434,1683
1403,2439,1685
1404,2444,1688
1405,2441,1684
1406,2438,1684
1407,2436,1689
1408,2433,1690
1409,2428,1692
1410,2436,1694
1411,2432,1690
1412,2434,1693
1413,2442,1689
1414,2443,1693
1415,2450,1691
1416,2455,1689
1417,2459,1693
1418,2454,1693
1419,2462,1689
1420,2458,1688
1421,2452,1692
1422,2455,1694
1423,2463,1694
1424,2459,1699
1425,2453,1694
1426,2450,1691
1427,2457,1686
1428,2454,1690
1429,2462,1691
1430,2468,1694
1431,2470,1695
1432,2467,1694
1433,2468,1691
1434,2464,1691
1435,2458,1690
1436,2466,1686
1437,2461,1684
1438,2456,1687
1439,2451,1682
1440,2453,1687
1441,2454,1693
1442,2461,1699
1443,2462,1701
1444,2463,1698
1445,2468,1694
1446,2469,1700
1447,2476,1703
1448,2483,1704
1449,2485,1702
1450,2479,1704
1451,2478,1703
1452,2475,1706
1453,2480,1702
1454,2475,1702
1455,2474,1701
1456,2470,1704
1457,2468,1706
1458,2469,1706
1459,2467,1706
1460,2462,1712
1461,2460,1709
1462,2455,1713
1463,2463,1715
1464,2458,1712
1465,2452,1707
1466,2450,1713
1467,2446,1712
1468,2444,1718
1469,2438,1720
1470,2446,1722
1471,2442,1722
1472,2448,1728
1473,2452,1726
1474,2456,1721
1475,2451,1725
1476,2455,1729
1477,2456,1724
1478,2455,1727
1479,2457,1726
1480,2458,1729
1481,2457,1728
1482,2455,1731
1483,2457,1727
1484,2464,1722
1485,2460,1726
1486,2467,1732
1487,2461,1737
1488,2456,1732
1489,2461,1731
1490,2456,1736
1491,2455,1738
1492,2456,1743
1493,2461,1743
1494,2457,1741
1495,2453,1742
1496,2459,1748
1497,2454,1743
1498,2452,1742
1499,2446,1747
1500,2449,1744
1501,2452,1740
1502,2449,1736
1503,2456,1738
1504,2464,1737
1505,2459,1743
1506,2464,1746
1507,2467,1742
1508,2464,1737
1509,2463,1738
1510,2461,1740
1511,2462,1744
1512,2465,1747
1513,2462,1745
1514,2459,1744
1515,2459,1740
1516,2464,1744
1517,2465,1742
1518,2460,1739
1519,2466,1736
1520,2463,1741
1521,2463,1745
1522,2468,1743
1523,2468,1742
1524,2466,1746
1525,2463,1743
1526,2471,1748
1527,2466,1749
1528,2468,1749
1529,2464,1751
1530,2468,1753
1531,2473,1758
1532,2474,1760
1533,2473,1765
1534,2472,1762
1535,2477,1766
1536,2482,1762
1537,2482,1762
1538,2487,1763
1539,2482,1760
1540,2488,1755
1541,2495,1754
1542,2501,1751
1543,2498,1751
1544,2493,1747
1545,2491,1742
1546,2491,1747
1547,2490,1742
1548,2498,1745
1549,2493,1743
1550,2497,1740
1551,2502,1738
1552,2497,1744
1553,2501,1747
1554,2500,1742
1555,2500,1744
1556,2498,1741
1557,2501,1743
1558,2499,1744
1559,2497,1742
1560,2500,1738
1561,2495,1743
1562,2492,1738
1563,2500,1740
1564,2499,1745
1565,2504,1743
1566,2501,1738
1567,2509,1744
1568,2512,1748
1569,2511,1750
1570,2507,1748
1571,2511,1745
1572,2507,1741
1573,2515,1747
1574,2511,1745
1575,2511,1742
1576,2505,1745
1577,2505,1744
1578,2504,1744
1579,2500,1747
1580,2499,1747
1581,2497,1744
1582,2500,1750
1583,2502,1752
1584,2496,1756
1585,2490,1751
1586,2492,1750
1587,2498,1747
1588,2500,1748
1589,2507,1746
1590,2506,1752
1591,2510,1758
1592,2505,1758
1593,2507,1758
1594,2506,1760
1595,2511,1758
1596,2516,1756
1597,2524,1760
1598,2526,1765
1599,2528,1767
1600,2535,1766
1601,2531,1766
1602,2531,1770
1603,2539,1769
1604,2535,1766
1605,2533,1767
1606,2528,1771
1607,2529,1777
1608,2523,1773
1609,2517,1771
1610,2520,1772
1611,2517,1778
1612,2516,1781
1613,2514,1776
1614,2516,1772
1615,2522,1772
1616,2528,1771
1617,2527,1767
1618,2523,1769
1619,2525,1772
1620,2532,1777
1621,2535,1774
1622,2538,1774
1623,2533,1775
1624,2529,1774
1625,2524,1775
1626,2529,1780
1627,2531,1785
1628,2533,1783
1629,2527,1781
1630,2535,1782
1631,2530,1787
1632,2526,1792
1633,2524,1789
1634,2524,1792
1635,2520,1797
1636,2527,1801
1637,2524,1799
1638,2527,1794
1639,2529,1790
1640,2529,1790
1641,2531,1795
1642,2532,1791
1643,2538,1787
1644,2544,1791
1645,2538,1786
1646,2535,1785
1647,2539,1789
1648,2535,1795
1649,2531,1790
1650,2538,1786
1651,2540,1786
1652,2536,1789
1653,2542,1786
1654,2536,1792
1655,2541,1795
1656,2541,1798
1657,2549,1801
1658,2549,1802
1659,2553,1807
1660,2557,1808
1661,2562,1810
1662,2564,1809
1663,2558,1804
1664,2560,1810
1665,2560,1814
1666,2556,1820
1667,2559,1824
1668,2561,1824
1669,2562,1828
1670,2567,1823
1671,2564,1824
1672,2558,1820
1673,2563,1818
1674,2560,1813
1675,2555,1817
1676,2550,1820
1677,2550,1821
1678,2554,1826
1679,2554,1827
1680,2555,1824
1681,2558,1822
1682,2552,1824
1683,2560,1826
1684,2567,1822
1685,2565,1819
1686,2570,1825
1687,2569,1827
1688,2568,1828
1689,2566,1826
1690,2562,1825
1691,2556,1826
1692,2564,1821
1693,2567,1824
1694,2561,1821
1695,2567,1827
1696,2562,1831
1697,2568,1836
1698,2569,1831
1699,2571,1826
1700,2571,1823
1701,2569,1825
1702,2563,1830
1703,2570,1827
1704,2574,1826
1705,2570,1826
1706,2578,1821
1707,2574,1820
1708,2570,1818
1709,2572,1815
1710,2574,1812
1711,2576,1810
1712,2582,1814
1713,2587,1818
1714,2589,1819
1715,2589,1819
1716,2587,1816
1717,2582,1812
1718,2584,1818
1719,2591,1820
1720,2595,1822
1721,2597,1825
1722,2594,1830
1723,2599,1829
1724,2602,1826
1725,2609,1824
1726,2611,1828
1727,2613,1823
1728,2621,1824
1729,2617,1819
1730,2623,1825
1731,2619,1820
1732,2616,1822
1733,2611,1824
1734,2614,1821
1735,2617,1816
1736,2613,1816
1737,2618,1822
1738,2616,1818
1739,2617,1819
1740,2620,1821
1741,2625,1827
1742,2631,1829
1743,2637,1831
1744,2641,1826
1745,2638,1829
1746,2634,1831
1747,2634,1827
1748,2631,1823
1749,2639,1829
1750,2646,1833
1751,2654,1838
1752,2649,1838
1753,2645,1842
1754,2648,1845
1755,2655,1840
1756,2660,1836
1757,2656,1836
1758,2662,1836
1759,2669,1842
1760,2675,1842
1761,2680,1848
1762,2683,1852
1763,2688,1853
1764,2685,1855
1765,2679,1857
1766,2678,1859
1767,2681,1856
1768,2686,1855
1769,2689,1854
1770,2687,1859
1771,2689,1858
1772,2693,1864
1773,2694,1859
1774,2688,1859
1775,2684,1857
1776,2692,1861
1777,2697,1857
1778,2703,1857
1779,2708,1856
1780,2707,1862
1781,2702,1862
1782,2707,1866
1783,2711,1872
1784,2714,1875
1785,2710,1879
1786,2707,1878
1787,2712,1883
1788,2713,1882
1789,2713,1877
1790,2717,1873
1791,2711,1874
1792,2710,1869
1793,2713,1874
1794,2707,1872
1795,2707,1869
1796,2705,1875
1797,2699,1875
1798,2705,1877
1799,2707,1880
1800,2715,1882
1801,2717,1879
1802,2719,1879
1803,2726,1885
1804,2723,1882
1805,2727,1885
1806,2731,1887
1807,2730,1890
1808,2730,1890
1809,2725,1885
1810,2724,1884
1811,2718,1881
1812,2724,1881
1813,2726,1886
1814,2728,1886
1815,2723,1884
1816,2718,1883
1817,2713,1888
1818,2721,1893
1819,2726,1890
1820,2726,1890
1821,2720,1896
1822,2724,1893
1823,2720,1892
1824,2718,1897
1825,2712,1894
1826,2711,1889
1827,2712,1895
1828,2709,1894
1829,2715,1896
1830,2709,1898
1831,2716,1903
1832,2716,1900
1833,2720,1896
1834,2716,1891
1835,2710,1886
1836,2715,1887
1837,2722,1890
1838,2722,1886
1839,2721,1890
1840,2721,1886
1841,2716,1892
1842,2713,1890
1843,2721,1889
1844,2725,1887
1845,2723,1888
1846,2719,1890
1847,2721,1891
1848,2727,1896
1849,2721,1901
1850,2717,1898
1851,2719,1900
1852,2725,1904
1853,2731,1901
1854,2732,1902
1855,2738,1897
1856,2741,1895
1857,2744,1892
1858,2742,1890
1859,2739,1890
1860,2747,1888
1861,2744,1887
1862,2749,1887
1863,2745,1891
1864,2741,1896
1865,2735,1895
1866,2733,1900
1867,2741,1904
1868,2747,1909
1869,2744,1915
1870,2746,1917
1871,2747,1923
1872,2752,1925
1873,2757,1931
1874,2757,1931
1875,2755,1937
1876,2759,1941
1877,2766,1942
1878,2761,1940
1879,2767,1942
1880,2770,1940
1881,2766,1940
1882,2764,1939
1883,2769,1937
1884,2769,1934
1885,2764,1935
1886,2762,1933
1887,2765,1935
1888,2773,1930
1889,2780,1927
1890,2775,1924
1891,2769,1923
1892,2775,1925
1893,2779,1920
1894,2775,1923
1895,2769,1920
1896,2767,1925
1897,2769,1926
1898,2775,1925
1899,2773,1926
1900,2769,1923
1901,2765,1921
1902,2771,1919
1903,2779,1923
1904,2781,1918
1905,2787,1919
1906,2783,1923
1907,2781,1922
1908,2776,1924
1909,2777,1927
1910,2778,1923
1911,2780,1927
1912,2788,1927
1913,2795,1932
1914,2792,1934
1915,2792,1936
1916,2788,1933
1917,2782,1929
1918,2780,1926
1919,2785,1922
1920,2793,1921
1921,2800,1916
1922,2806,1918
1923,2804,1924
1924,2802,1930
1925,2796,1935
1926,2792,1937
1927,2790,1937
1928,2794,1943
1929,2788,1945
1930,2793,1950
1931,2798,1956
1932,2795,1955
1933,2798,1954
1934,2795,1949
1935,2798,1955
1936,2796,1953
1937,2790,1955
1938,2795,1959
1939,2801,1959
1940,2803,1959
1941,2809,1956
1942,2804,1951
1943,2806,1950
1944,2806,1945
1945,2810,1951
1946,2807,1948
1947,2804,1951
1948,2802,1949
1949,2803,1955
1950,2799,1951
1951,2797,1957
1952,2801,1960
1953,2798,1961
1954,2795,1957
1955,2801,1955
1956,2795,1952
1957,2796,1950
1958,2801,1953
1959,2807,1949
1960,2813,1951
1961,2814,1950
1962,2820,1945
1963,2821,1941
1964,2816,1944
1965,2816,1944
1966,2819,1948
1967,2827,1948
1968,2834,1945
1969,2838,1940
1970,2846,1936
1971,2841,1931
1972,2838,1935
1973,2844,1933
1974,2842,1931
1975,2845,1932
1976,2846,1928
1977,2849,1929
1978,2852,1927
1979,2850,1926
1980,2852,1923
1981,2852,1919
1982,2852,1916
1983,2860,1913
1984,2860,1916
1985,2863,1916
1986,2868,1914
1987,2866,1916
1988,2868,1915
1989,2875,1921
1990,2877,1918
1991,2882,1913
1992,2886,1916
1993,2884,1912
1994,2887,1917
1995,2890,1922
1996,2886,1917
1997,2881,1921
1998,2886,1917
1999,2890,1922
2000,2884,1920
2001,2881,1919
2002,2883,1918
2003,2887,1917
2004,2884,1912
2005,2885,1916
2006,2881,1914
2007,2880,1913
2008,2888,1919
2009,2887,1922
2010,2894,1925
2011,2900,1926
2012,2908,1921
2013,2906,1924
2014,2900,1928
2015,2901,1930
2016,2905,1934
2017,2906,1930
2018,2904,1925
2019,2911,1923
2020,2919,1919
2021,2920,1916
2022,2927,1919
2023,2926,1916
2024,2920,1922
2025,2914,1927
2026,2921,1924
2027,2915,1923
2028,2914,1920
2029,2919,1920
2030,2924,1915
2031,2919,1913
2032,2925,1908
2033,2925,1905
2034,2931,1905
2035,2930,1903
2036,2933,1907
2037,2940,1911
2038,2945,1910
2039,2941,1916
2040,2948,1918
2041,2949,1913
2042,2948,1919
2043,2952,1918
2044,2952,1924
2045,2956,1920
2046,2958,1926
2047,2964,1925
2048,2962,1926
2049,2961,1929
2050,2966,1934
2051,2966,1936
2052,2962,1942
2053,2969,1945
2054,2967,1944
2055,2970,1950
2056,2966,1948
2057,2968,1943
2058,2974,1941
2059,2979,1942
2060,2978,1937
2061,2977,1938
2062,2978,1937
2063,2980,1932
2064,2982,1934
2065,2982,1935
2066,2988,1934
2067,2996,1934
2068,3001,1930
2069,3001,1933
2070,3009,1928
2071,3016,1929
2072,3017,1934
2073,3018,1930
2074,3013,1932
2075,3012,1935
2076,3013,1934
2077,3010,1940
2078,3013,1935
2079,3021,1939
2080,3018,1940
2081,3016,1941
2082,3013,1937
2083,3009,1932
2084,3008,1931
2085,3007,1934
2086,3010,1937
2087,3017,1943
2088,3011,1946
2089,3015,1944
2090,3018,1942
2091,3024,1943
2092,3018,1944
2093,3020,1947
2094,3028,1953
2095,3028,1951
2096,3026,1951
2097,3023,1948
2098,3024,1948
2099,3028,1952
2100,3036,1947
2101,3039,1947
2102,3042,1945
2103,3049,1951
2104,3052,1948
2105,3047,1944
2106,3042,1939
2107,3048,1937
2108,3049,1934
2109,3047,1930
2110,3050,1929
2111,3047,1925
2112,3051,1923
2113,3046,1922
2114,3047,1925
2115,3042,1924
2116,3046,1929
2117,3048,1924
2118,3056,1922
2119,3058,1921
2120,3065,1919
2121,3073,1919
2122,3070,1919
2123,3077,1921
2124,3073,1923
2125,3070,1919
2126,3066,1917
2127,3061,1916
2128,3057,1919
2129,3062,1923
2130,3061,1920
2131,3065,1923
2132,3067,1925
2133,3063,1929
2134,3071,1931
2135,3070,1928
2136,3073,1933
2137,3076,1937
2138,3083,1935
2139,3077,1935
2140,3076,1931
2141,3078,1930
2142,3083,1929
2143,3088,1935
2144,3094,1937
2145,3092,1934
2146,3093,1929
2147,3093,1926
2148,3090,1924
2149,3085,1930
2150,3089,1934
2151,3091,1937
2152,3093,1939
2153,3092,1940
2154,3100,1942
2155,3103,1942
2156,3102,1943
2157,3108,1943
2158,3115,1949
2159,3109,1949
2160,3110,1949
2161,3104,1952
2162,3111,1952
2163,3118,1948
2164,3116,1949
2165,3117,1954
2166,3117,1956
2167,3114,1957
2168,3115,1960
2169,3116,1966
2170,3115,1961
2171,3111,1957
2172,3106,1961
2173,3100,1963
2174,3104,1960
2175,3112,1955
2176,3117,1950
2177,3123,1945
2178,3117,1944
2179,3118,1946
2180,3122,1951
2181,3124,1954
2182,3129,1959
2183,3123,1954
2184,3130,1949
2185,3125,1952
2186,3121,1954
2187,3122,1954
2188,3125,1949
2189,3126,1945
2190,3126,1941
2191,3132,1941
2192,3126,1938
2193,3129,1934
2194,3134,1933
2195,3141,1928
2196,3136,1925
2197,3137,1923
2198,3144,1920
2199,3140,1921
2200,3138,1920
2201,3144,1926
2202,3142,1929
2203,3140,1934
2204,3143,1929
2205,3142,1935
2206,3150,1930
2207,3149,1929
2208,3147,1927
2209,3145,1929
2210,3139,1926
2211,3133,1921
2212,3128,1920
2213,3122,1924
2214,3130,1928
2215,3135,1932
2216,3136,1929
2217,3133,1930
2218,3138,1930
2219,3137,1931
2220,3136,1931
2221,3143,1932
2222,3137,1928
2223,3138,1923
2224,3135,1925
2225,3134,1924
2226,3137,1924
2227,3136,1928
2228,3144,1933
2229,3140,1934
2230,3138,1931
2231,3132,1928
2232,3126,1930
2233,3125,1930
2234,3120,1925
2235,3119,1926
2236,3115,1932
2237,3113,1936
2238,3117,1932
2239,3122,1938
2240,3127,1944
2241,3127,1949
2242,3130,1950
2243,3130,1950
2244,3126,1955
2245,3127,1951
2246,3133,1957
2247,3134,1958
2248,3130,1960
2249,3138,1958
2250,3142,1964
2251,3144,1962
2252,3146,1964
2253,3153,1967
2254,3154,1967
2255,3154,1967
2256,3152,1967
2257,3157,1970
2258,3162,1972
2259,3161,1975
2260,3161,1979
2261,3155,1981
2262,3163,1985
2263,3171,1981
2264,3176,1984
2265,3184,1983
2266,3178,1988
2267,3178,1989
2268,3175,1992
2269,3177,1989
2270,3181,1995
2271,3185,1998
2272,3187,2000
2273,3194,1999
2274,3192,2000
2275,3186,2003
2276,3182,2000
2277,3176,2000
2278,3175,1995
2279,3179,1992
2280,3173,1996
2281,3178,1999
2282,3183,2002
2283,3190,2008
2284,3195,2013
2285,3195,2018
2286,3194,2020
2287,3197,2017
2288,3198,2018
2289,3204,2017
2290,3212,2013
2291,3206,2011
2292,3209,2007
2293,3209,2007
2294,3204,2005
2295,3210,2001
2296,3206,1999
2297,3206,2001
2298,3205,2004
2299,3201,2003
2300,3201,2005
2301,3196,2003
2302,3190,2004
2303,3193,2009
2304,3192,2008
2305,3196,2003
2306,3197,2001
2307,3196,1999
2308,3196,2001
2309,3203,2003
2310,3208,2009
2311,3216,2006
2312,3217,2002
2313,3213,2003
2314,3220,1999
2315,3225,2003
2316,3219,2009
2317,3219,2008
2318,3216,2014
2319,3222,2018
2320,3225,2014
2321,3227,2017
2322,3221,2014
2323,3217,2014
2324,3219,2018
2325,3223,2018
2326,3218,2023
2327,3216,2020
2328,3220,2023
2329,3225,2029
2330,3221,2024
2331,3227,2024
2332,3225,2025
2333,3225,2025
2334,3232,2025
2335,3235,2026
2336,3237,2022
2337,3234,2018
2338,3233,2022
2339,3238,2026
2340,3241,2023
2341,3242,2029
2342,3250,2032
2343,3246,2038
2344,3242,2040
2345,3244,2036
2346,3240,2038
2347,3247,2039
2348,3247,2044
2349,3255,2043
2350,3250,2039
2351,3251,2041
2352,3252,2043
2353,3257,2047
2354,3260,2044
2355,3254,2042
2356,3259,2047
2357,3255,2052
2358,3250,2048
2359,3254,2043
2360,3252,2039
2361,3255,2036
2362,3251,2031
2363,3252,2031
2364,3257,2034
2365,3261,2040
2366,3266,2038
2367,3267,2037
2368,3270,2035
2369,3265,2039
2370,3268,2039
2371,3270,2040
2372,3270,2046
2373,3269,2042
2374,3267,2045
2375,3267,2045
2376,3263,2049
2377,3264,2045
2378,3258,2043
2379,3256,2048
2380,3259,2043
2381,3262,2047
2382,3257,2048
2383,3264,2045
2384,3269,2051
2385,3276,2048
2386,3277,2046
2387,3273,2050
2388,3267,2055
2389,3262,2051
2390,3257,2056
2391,3262,2055
2392,3266,2052
2393,3270,2052
2394,3267,2051
2395,3265,2053
2396,3273,2052
2397,3273,2055
2398,3272,2055
2399,3267,2054
2400,3271,2059
2401,3270,2057
2402,3266,2052
2403,3266,2049
2404,3274,2053
2405,3275,2051
2406,3270,2046
2407,3276,2042
2408,3281,2045
2409,3276,2046
2410,3278,2050
2411,3277,2052
2412,3271,2057
2413,3267,2055
2414,3264,2052
2415,3261,2050
2416,3269,2056
2417,3274,2062
2418,3281,2061
2419,3285,2060
2420,3281,2065
2421,3277,2061
2422,3282,2065
2423,3285,2069
2424,3289,2065
2425,3295,2061
2426,3294,2066
2427,3301,2072
2428,3307,2071
2429,3305,2072
2430,3313,2072
2431,3308,2075
2432,3307,2072
2433,3303,2072
2434,3306,2071
2435,3308,2075
2436,3310,2079
2437,3313,2082
2438,3317,2077
2439,3314,2078
2440,3314,2078
2441,3318,2076
2442,3325,2074
2443,3332,2076
2444,3330,2081
2445,3338,2085
2446,3337,2087
2447,3343,2086
2448,3341,2084
2449,3338,2080
2450,3344,2076
2451,3344,2080
2452,3352,2080
2453,3353,2079
2454,3359,2082
2455,3358,2083
2456,3356,2088
2457,3354,2093
2458,3351,2098
2459,3356,2097
2460,3356,2093
2461,3354,2095
2462,3356,2095
2463,3364,2090
2464,3366,2087
2465,3365,2085
2466,3365,2088
2467,3368,2087
2468,3371,2082
2469,3369,2078
2470,3375,2077
2471,3376,2072
2472,3381,2068
2473,3384,2067
2474,3390,2065
2475,3391,2062
2476,3399,2059
2477,3407,2062
2478,3414,2065
2479,3418,2069
2480,3421,2073
2481,3424,2076
2482,3420,2079
2483,3416,2083
2484,3416,2085
2485,3417,2091
2486,3422,2095
2487,3427,2095
2488,3421,2091
2489,3427,2092
2490,3421,2088
2491,3425,2089
2492,3431,2094
2493,3438,2097
2494,3434,2102
2495,3437,2102
2496,3431,2098
2497,3426,2096
2498,3430,2094
2499,3438,2099
2500,3442,2102
2501,3440,2099
2502,3436,2096
2503,3439,2092
2504,3433,2092
2505,3428,2095
2506,3428,2092
2507,3431,2089
2508,3426,2087
2509,3426,2085
2510,3434,2082
2511,3433,2082
2512,3440,2083
2513,3436,2089
2514,3435,2093
2515,3429,2094
2516,3435,2095
2517,3434,2101
2518,3442,2103
2519,3446,2106
2520,3442,2105
2521,3442,2100
2522,3440,2102
2523,3446,2108
2524,3443,2104
2525,3444,2106
2526,3449,2111
2527,3454,2115
2528,3459,2121
2529,3465,2120
2530,3463,2120
2531,3465,2123
2532,3471,2121
2533,3465,2126
2534,3468,2122
2535,3470,2125
2536,3467,2122
2537,3468,2119
2538,3462,2115
2539,3462,2113
2540,3461,2115
2541,3466,2114
2542,3464,2113
2543,3462,2118
2544,3468,2117
2545,3473,2120
2546,3469,2118
2547,3472,2114
2548,3467,2109
2549,3468,2104
2550,3468,2110
2551,3473,2109
2552,3472,2112
2553,3479,2116
2554,3481,2117
2555,3488,2113
2556,3483,2116
2557,3478,2112
2558,3485,2107
2559,3482,2107
2560,3484,2110
2561,3491,2113
2562,3497,2110
2563,3502,2110
2564,3497,2113
2565,3496,2108
2566,3491,2112
2567,3487,2112
2568,3488,2117
2569,3495,2123
2570,3503,2125
2571,3501,2129
2572,3508,2125
2573,3511,2129
2574,3513,2127
2575,3514,2129
2576,3516,2125
2577,3516,2128
2578,3516,2132
2579,3511,2133
2580,3514,2128
2581,3517,2129
2582,3519,2130
2583,3524,2130
2584,3519,2130
2585,3522,2130
2586,3526,2132
2587,3521,2138
2588,3528,2133
2589,3535,2129
2590,3533,2128
2591,3540,2134
2592,3541,2137
2593,3547,2143
2594,3541,2141
2595,3536,2137
2596,3544,2140
2597,3544,2146
2598,3538,2148
2599,3536,2143
2600,3540,2143
2601,3539,2146
2602,3539,2143
2603,3543,2144
2604,3549,2148
2605,3550,2145
2606,3557,2143
2607,3551,2143
2608,3552,2140
2609,3550,2136
2610,3549,2134
2611,3557,2136
2612,3558,2137
2613,3557,2141
2614,3564,2138
2615,3562,2141
2616,3563,2141
2617,3562,2142
2618,3557,2139
2619,3563,2138
2620,3558,2135
2621,3564,2138
2622,3572,2139
2623,3567,2137
2624,3571,2140
2625,3573,2142
2626,3578,2138
2627,3582,2137
2628,3581,2135
2629,3589,2133
2630,3589,2128
2631,3587,2127
2632,3593,2122
2633,3593,2122
2634,3594,2118
2635,3591,2115
2636,3592,2120
2637,3586,2120
2638,3593,2120
2639,3593,2118
2640,3597,2120
2641,3592,2117
2642,3594,2123
2643,3592,2122
2644,3599,2117
2645,3595,2123
2646,3594,2122
2647,3588,2122
2648,3584,2120
2649,3583,2115
2650,3587,2112
2651,3589,2116
2652,3586,2121
2653,3592,2120
2654,3586,2121
2655,3588,2121
2656,3596,2126
2657,3602,2129
2658,3607,2129
2659,3602,2134
2660,3607,2131
2661,3606,2132
2662,3602,2135
2663,3608,2134
2664,3609,2134
2665,3611,2136
2666,3612,2140
2667,3618,2136
2668,3612,2139
2669,3608,2145
2670,3610,2140
2671,3616,2140
2672,3616,2142
2673,3624,2138
2674,3619,2135
2675,3619,2131
2676,3613,2136
2677,3618,2131
2678,3619,2132
2679,3620,2135
2680,3628,2136
2681,3624,2140
2682,3627,2136
2683,3628,2142
2684,3631,2143
2685,3638,2139
2686,3634,2145
2687,3641,2144
2688,3644,2142
2689,3652,2144
2690,3651,2147
2691,3645,2150
2692,3649,2150
2693,3653,2156
2694,3651,2151
2695,3654,2150
2696,3649,2156
2697,3657,2162
2698,3655,2158
2699,3651,2159
2700,3650,2154
2701,3649,2150
2702,3657,2155
2703,3663,2155
2704,3669,2150
2705,3677,2149
2706,3674,2148
2707,3668,2152
2708,3669,2157
2709,3672,2156
2710,3672,2151
2711,3673,2157
2712,3668,2155
2713,3673,2159
2714,3679,2156
2715,3687,2161
2716,3692,2166
2717,3687,2168
2718,3695,2172
2719,3696,2175
2720,3694,2171
2721,3697,2175
2722,3704,2170
2723,3702,2167
2724,3697,2164
2725,3698,2166
2726,3704,2167
2727,3709,2173
2728,3705,2168
2729,3704,2169
2730,3698,2166
2731,3701,2171
2732,3697,2167
2733,3699,2169
2734,3702,2167
2735,3710,2169
2736,3717,2175
2737,3712,2180
2738,3715,2183
2739,3715,2180
2740,3722,2176
2741,3718,2182
2742,3724,2177
2743,3731,2172
2744,3731,2170
2745,3731,2168
2746,3731,2166
2747,3727,2162
2748,3729,2166
2749,3724,2168
2750,3732,2164
2751,3737,2163
2752,3737,2164
2753,3741,2165
2754,3736,2161
2755,3730,2165
2756,3727,2161
2757,3731,2163
2758,3733,2159
2759,3738,2155
2760,3741,2159
2761,3747,2158
2762,3751,2155
2763,3758,2155
2764,3755,2156
2765,3753,2152
2766,3749,2149
2767,3755,2154
2768,3760,2157
2769,3764,2155
2770,3763,2155
2771,3762,2158
2772,3769,2164
2773,3773,2160
2774,3770,2160
2775,3773,2164
2776,3769,2160
2777,3764,2165
2778,3762,2166
2779,3761,2171
2780,3759,2175
2781,3758,2172
2782,3762,2172
2783,3760,2169
2784,3756,2164
2785,3751,2161
2786,3750,2164
2787,3754,2169
2788,3751,2174
2789,3754,2170
2790,3749,2165
2791,3754,2163
2792,3752,2159
2793,3755,2162
2794,3761,2161
2795,3766,2158
2796,3762,2163
2797,3760,2167
2798,3758,2163
2799,3762,2168
2800,3770,2169
2801,3765,2166
2802,3769,2164
2803,3765,2159
2804,3764,2154
2805,3767,2155
2806,3761,2158
2807,3765,2163
2808,3773,2162
2809,3771,2162
2810,3773,2158
2811,3777,2157
2812,3780,2157
2813,3785,2155
2814,3781,2151
2815,3782,2148
2816,3789,2153
2817,3795,2152
2818,3789,2151
2819,3785,2155
2820,3787,2161
2821,3783,2163
2822,3783,2169
2823,3782,2173
2824,3780,2170
2825,3782,2170
2826,3787,2170
2827,3787,2169
2828,3790,2171
2829,3787,2170
2830,3791,2169
2831,3799,2171
2832,3800,2173
2833,3799,2170
2834,3803,2167
2835,3804,2166
2836,3799,2167
2837,3797,2169
2838,3794,2173
2839,3791,2177
2840,3797,2175
2841,3803,2170
2842,3810,2168
2843,3807,2171
2844,3806,2166
2845,3803,2171
2846,3800,2171
2847,3796,2174
2848,3801,2175
2849,3807,2181
2850,3806,2182
2851,3813,2182
2852,3811,2177
2853,3805,2180
2854,3801,2182
2855,3801,2177
2856,3802,2178
2857,3809,2179
2858,3814,2183
2859,3814,2187
2860,3822,2193
2861,3828,2190
2862,3823,2185
2863,3818,2186
2864,3815,2184
2865,3820,2189
2866,3817,2187
2867,3824,2192
2868,3821,2187
2869,3820,2191
2870,3825,2190
2871,3823,2195
2872,3820,2197
2873,3817,2195
2874,3812,2201
2875,3817,2202
2876,3822,2208
2877,3826,2208
2878,3821,2210
2879,3826,2206
2880,3827,2209
2881,3823,2207
2882,3820,2208
2883,3815,2212
2884,3818,2217
2885,3825,2220
2886,3828,2226
2887,3832,2225
2888,3826,2228
2889,3830,2225
2890,3837,2226
2891,3836,2225
2892,3840,2226
2893,3847,2223
2894,3846,2225
2895,3847,2222
2896,3849,2228
2897,3849,2233
2898,3850,2233
2899,3852,2236
2900,3853,2240
2901,3860,2235
2902,3856,2237
2903,3854,2238
2904,3853,2244
2905,3855,2244
2906,3853,2240
2907,3851,2235
2908,3846,2231
2909,3843,2227
2910,3850,2226
2911,3856,2229
2912,3856,2226
2913,3852,2222
2914,3859,2222
2915,3859,2221
2916,3864,2219
2917,3860,2225
2918,3862,2222
2919,3862,2223
2920,3856,2227
2921,3860,2222
2922,3857,2224
2923,3856,2220
2924,3851,2216
2925,3849,2212
2926,3853,2218
2927,3860,2219
2928,3862,2220
2929,3867,2224
2930,3874,2229
2931,3881,2233
2932,3881,2239
2933,3877,2234
2934,3876,2239
2935,3874,2245
2936,3880,2243
2937,3884,2248
2938,3879,2244
2939,3885,2247
2940,3893,2246
2941,3890,2247
2942,3886,2247
2943,3881,2243
2944,3878,2241
2945,3875,2236
2946,3881,2231
2947,3878,2226
2948,3880,2222
2949,3874,2218
2950,3881,2220
2951,3880,2216
2952,3879,2213
2953,3883,2209
2954,3877,2212
2955,3879,2210
2956,3879,2216
2957,3874,2218
2958,3872,2223
2959,3870,2224
2960,3866,2226
2961,3872,2231
2962,3877,2233
2963,3877,2229
2964,3871,2230
2965,3876,2236
2966,3870,2242
2967,3877,2238
2968,3880,2235
2969,3875,2237
2970,3871,2233
2971,3866,2236
2972,3869,2231
2973,3877,2233
2974,3884,2237
2975,3888,2237
2976,3886,2235
2977,3882,2234
2978,3878,2239
2979,3879,2241
2980,3882,2243
2981,3887,2244
2982,3894,2250
2983,3896,2248
2984,3897,2253
2985,3902,2254
2986,3904,2253
2987,3905,2258
2988,3904,2254
2989,3898,2255
2990,3896,2257
2991,3899,2253
2992,3901,2258
2993,3906,2260
2994,3907,2260
2995,3909,2258
2996,3915,2258
2997,3909,2256
2998,3909,2253
2999,3917,2248
3000,3921,2249
3001,3924,2253
3002,3918,2252
3003,3912,2249
3004,3906,2250
3005,3913,2248
3006,3920,2247
3007,3918,2244
3008,3916,2248
3009,3913,2243
3010,3907,2241
3011,3903,2245
3012,3910,2243
3013,3913,2245
3014,3913,2250
3015,3908,2252
3016,3908,2250
3017,3916,2251
3018,3917,2256
3019,3919,2255
3020,3927,2255
3021,3922,2261
3022,3926,2259
3023,3921,2264
3024,3919,2264
3025,3927,2265
3026,3923,2264
3027,3930,2270
3028,3933,2269
3029,3938,2268
3030,3944,2269
3031,3947,2266
3032,3945,2263
3033,3944,2263
3034,3941,2261
3035,3945,2264
3036,3945,2265
3037,3939,2270
3038,3935,2270
3039,3941,2274
3040,3942,2280
3041,3940,2282
3042,3948,2285
3043,3948,2286
3044,3948,2284
3045,3949,2281
3046,3956,2276
3047,3955,2273
3048,3958,2276
3049,3964,2279
3050,3960,2280
3051,3959,2280
3052,3964,2279
3053,3969,2279
3054,3971,2281
3055,3972,2277
3056,3971,2274
3057,3967,2276
3058,3969,2274
3059,3966,2276
3060,3962,2276
3061,3960,2271
3062,3955,2269
3063,3960,2267
3064,3955,2271
3065,3950,2277
3066,3946,2275
3067,3952,2275
3068,3949,2273
3069,3948,2273
3070,3948,2268
3071,3948,2263
3072,3955,2266
3073,3962,2267
3074,3964,2272
3075,3958,2269
3076,3959,2266
3077,3965,2263
3078,3973,2259
3079,3979,2257
3080,3984,2260
3081,3979,2256
3082,3977,2254
3083,3974,2260
3084,3971,2260
3085,3974,2265
3086,3980,2265
3087,3986,2265
3088,3985,2262
3089,3982,2265
3090,3978,2269
3091,3972,2266
3092,3970,2262
3093,3978,2260
3094,3986,2256
3095,3984,2262
3096,3991,2263
3097,3994,2263
3098,3994,2260
3099,3991,2255
3100,3986,2260
3101,3992,2256
3102,3991,2262
3103,3993,2258
3104,3990,2254
3105,3985,2249
3106,3988,2244
3107,3984,2239
3108,3987,2238
3109,3986,2242
3110,3980,2240
3111,3985,2243
3112,3979,2246
3113,3981,2243
3114,3983,2249
3115,3978,2251
3116,3975,2250
3117,3970,2249
3118,3971,2245
3119,3978,2241
3120,3974,2246
3121,3970,2241
3122,3977,2245
3123,3980,2249
3124,3974,2250
3125,3972,2246
3126,3967,2242
3127,3966,2238
3128,3961,2233
3129,3966,2231
3130,3960,2235
3131,3958,2233
3132,3962,2230
3133,3960,2233
3134,3965,2238
3135,3968,2243
3136,3967,2245
3137,3972,2242
3138,3978,2245
3139,3986,2250
3140,3981,2245
3141,3989,2242
3142,3994,2238
3143,3996,2237
3144,3992,2240
3145,3986,2239
3146,3986,2241
3147,3991,2246
3148,3997,2245
3149,3992,2249
3150,3994,2252
3151,3994,2256
3152,3994,2254
3153,4001,2259
3154,4007,2262
3155,4002,2266
3156,3998,2263
3157,4002,2258
3158,3997,2255
3159,4001,2251
3160,4002,2247
3161,4002,2249
3162,4006,2245
3163,4011,2249
3164,4017,2244
3165,4012,2241
3166,4012,2244
3167,4011,2248
3168,4017,2246
3169,4025,2246
3170,4032,2242
3171,4040,2247
3172,4046,2251
3173,4040,2256
3174,4042,2259
3175,4039,2261
3176,4043,2262
3177,4046,2260
3178,4049,2264
3179,4053,2263
3180,4047,2258
3181,4051,2256
3182,4049,2256
3183,4057,2259
3184,4051,2255
3185,4050,2256
3186,4056,2251
3187,4062,2252
3188,4060,2251
3189,4056,2257
3190,4061,2253
3191,4058,2250
3192,4058,2246
3193,4056,2243
3194,4064,2244
3195,4070,2250
3196,4078,2255
3197,4075,2250
3198,4073,2251
3199,4079,2247
3200,4079,2252
3201,4082,2253
3202,4090,2249
3203,4087,2251
3204,4081,2246
3205,4089,2242
3206,4095,2243
3207,4101,2247
3208,4097,2250
3209,4098,2254
3210,4098,2255
3211,4096,2252
3212,4100,2252
3213,4102,2254
3214,4106,2255
3215,4107,2261
3216,4110,2256
3217,4106,2256
3218,4101,2254
3219,4108,2259
3220,4111,2260
3221,4119,2256
3222,4122,2252
3223,4130,2247
3224,4130,2253
3225,4129,2251
3226,4127,2250
3227,4126,2246
3228,4132,2246
3229,4129,2245
3230,4130,2250
3231,4127,2246
3232,4126,2249
3233,4133,2253
3234,4131,2250
3235,4125,2249
3236,4127,2252
3237,4124,2255
3238,4120,2255
3239,4125,2260
3240,4124,2263
3241,4120,2262
3242,4125,2266
3243,4130,2265
3244,4132,2267
3245,4137,2267
3246,4144,2271
3247,4142,2277
3248,4143,2273
3249,4148,2275
3250,4154,2278
3251,4148,2274
3252,4149,2271
3253,4149,2268
3254,4146,2272
3255,4152,2271
3256,4153,2266
3257,4152,2266
3258,4151,2269
3259,4149,2267
3260,4151,2271
3261,4146,2275
3262,4143,2271
3263,4139,2272
3264,4136,2274
3265,4131,2270
3266,4133,2274
3267,4133,2277
3268,4129,2277
3269,4132,2274
3270,4126,2277
3271,4128,2279
3272,4131,2282
3273,4138,2284
3274,4139,2286
3275,4146,2283
3276,4145,2281
3277,4141,2283
3278,4145,2284
3279,4150,2286
3280,4147,2287
3281,4154,2286
3282,4150,2292
3283,4154,2292
3284,4158,2296
3285,4158,2297
3286,4164,2296
3287,4163,2292
3288,4171,2294
3289,4171,2292
3290,4178,2291
3291,4176,2293
3292,4184,2293
3293,4188,2289
3294,4187,2293
3295,4191,2293
3296,4187,2291
3297,4186,2297
3298,4187,2292
3299,4188,2296
3300,4188,2296
3301,4185,2301
3302,4184,2303
3303,4189,2301
3304,4197,2302
3305,4201,2306
3306,4198,2301
3307,4200,2302
3308,4203,2303
3309,4209,2301
3310,4212,2307
3311,4207,2309
3312,4209,2314
3313,4216,2317
3314,4210,2316
3315,4214,2313
3316,4221,2315
3317,4225,2315
3318,4219,2319
3319,4219,2314
3320,4223,2312
3321,4229,2318
3322,4233,2313
3323,4235,2319
3324,4240,2320
3325,4239,2315
3326,4234,2316
3327,4232,2315
3328,4229,2316
3329,4228,2320
3330,4222,2323
3331,4228,2323
3332,4235,2328
3333,4233,2323
3334,4238,2324
3335,4245,2321
3336,4240,2316
3337,4239,2316
3338,4242,2315
3339,4237,2317
3340,4242,2321
3341,4245,2322
3342,4251,2324
3343,4255,2323
3344,4260,2318
3345,4268,2313
3346,4276,2316
3347,4272,2316
3348,4267,2318
3349,4266,2321
3350,4271,2322
3351,4267,2323
3352,4275,2326
3353,4276,2332
3354,4275,2328
3355,4279,2331
3356,4277,2335
3357,4280,2330
3358,4275,2332
3359,4282,2329
3360,4285,2326
3361,4280,2321
3362,4283,2321
3363,4287,2324
3364,4287,2325
3365,4285,2320
3366,4283,2320
3367,4278,2323
3368,4274,2326
3369,4278,2328
3370,4275,2329
3371,4276,2334
3372,4275,2331
3373,4270,2336
3374,4277,2341
3375,4283,2344
3376,4277,2340
3377,4274,2335
3378,4269,2332
3379,4268,2335
3380,4265,2338
3381,4272,2341
3382,4273,2347
3383,4274,2353
3384,4270,2358
3385,4270,2361
3386,4268,2360
3387,4262,2359
3388,4264,2362
3389,4261,2368
3390,4266,2369
3391,4270,2370
3392,4273,2373
3393,4277,2377
3394,4282,2383
3395,4276,2379
3396,4270,2382
3397,4271,2378
3398,4276,2382
3399,4275,2385
3400,4279,2387
3401,4278,2384
3402,4276,2389
3403,4282,2390
3404,4278,2390
3405,4272,2389
3406,4279,2385
3407,4286,2384
3408,4288,2386
3409,4295,2392
3410,4291,2390
3411,4285,2394
3412,4279,2389
3413,4284,2389
3414,4290,2392
3415,4293,2394
3416,4300,2394
3417,4305,2393
3418,4301,2391
3419,4304,2396
3420,4303,2391
3421,4303,2388
3422,4301,2390
3423,4303,2389
3424,4299,2389
3425,4302,2384
3426,4301,2386
3427,4297,2389
3428,4298,2385
3429,4304,2384
3430,4312,2386
3431,4308,2384
3432,4313,2381
3433,4320,2379
3434,4326,2379
3435,4323,2376
3436,4318,2376
3437,4321,2372
3438,4316,2370
3439,4320,2372
3440,4319,2376
3441,4320,2373
3442,4326,2371
3443,4334,2367
3444,4334,2373
3445,4328,2377
3446,4328,2381
3447,4330,2378
3448,4338,2376
3449,4336,2379
3450,4331,2375
3451,4333,2377
3452,4337,2381
3453,4334,2385
3454,4338,2386
3455,4346,2390
3456,4346,2388
3457,4340,2390
3458,4337,2389
3459,4344,2394
3460,4343,2399
3461,4344,2399
3462,4342,2397
3463,4344,2399
3464,4344,2394
3465,4348,2395
3466,4345,2391
3467,4350,2396
3468,4350,2391
3469,4352,2387
3470,4358,2384
3471,4356,2388
3472,4350,2392
3473,4355,2392
3474,4355,2397
3475,4362,2396
3476,4368,2396
3477,4362,2394
3478,4370,2390
3479,4367,2395
3480,4368,2390
3481,4371,2394
3482,4378,2396
3483,4379,2392
3484,4387,2390
3485,4388,2385
3486,4389,2390
3487,4384,2387
3488,4391,2386
3489,4392,2382
3490,4391,2380
3491,4391,2383
3492,4395,2385
3493,4394,2384
3494,4392,2390
3495,4400,2392
3496,4398,2391
3497,4392,2395
3498,4391,2390
3499,4395,2385
3500,4402,2385
3501,4399,2384
3502,4401,2384
3503,4399,2383
3504,4397,2384
3505,4404,2386
3506,4404,2388
3507,4402,2385
3508,4401,2386
3509,4397,2384
3510,4404,2386
3511,4409,2381
3512,4410,2384
3513,4418,2390
3514,4424,2392
3515,4422,2387
3516,4419,2383
3517,4416,2378
3518,4423,2378
3519,4419,2379
3520,4427,2381
3521,4435,2376
3522,4429,2375
3523,4432,2381
3524,4432,2379
3525,4427,2374
3526,4430,2378
3527,4436,2381
3528,4442,2381
3529,4445,2377
3530,4446,2377
3531,4452,2381
3532,4458,2379
3533,4453,2382
3534,4457,2383
3535,4465,2386
3536,4461,2392
3537,4456,2397
3538,4452,2395
3539,4453,2396
3540,4461,2394
3541,4461,2390
3542,4459,2395
3543,4461,2393
3544,4457,2395
3545,4458,2400
3546,4459,2397
3547,4453,2403
3548,4455,2401
3549,4459,2406
3550,4463,2410
3551,4466,2414
3552,4461,2419
3553,4469,2419
3554,4467,2418
3555,4475,2413
3556,4469,2415
3557,4465,2417
3558,4466,2418
3559,4473,2416
3560,4479,2421
3561,4475,2418
3562,4481,2415
3563,4482,2411
3564,4482,2409
3565,4476,2406
3566,4477,2403
3567,4478,2409
3568,4485,2415
3569,4485,2413
3570,4481,2417
3571,4475,2414
3572,4479,2415
3573,4487,2411
3574,4493,2411
3575,4501,2415
3576,4507,2420
3577,4508,2422
3578,4513,2421
3579,4515,2419
3580,4513,2417
3581,4515,2416
3582,4511,2422
3583,4505,2421
3584,4504,2425
3585,4502,2430
3586,4501,2431
3587,4500,2431
3588,4505,2436
3589,4505,2438
3590,4501,2433
3591,4504,2435
3592,4512,2441
3593,4511,2439
3594,4518,2441
3595,4522,2437
3596,4519,2441
3597,4513,2445
3598,4521,2448
3599,4526,2444
3600,4527,2444
3601,4523,2440
3602,4519,2440
3603,4522,2437
3604,4520,2438
3605,4522,2439
3606,4526,2440
3607,4529,2436
3608,4525,2440
3609,4527,2439
3610,4530,2435
3611,4537,2437
3612,4545,2436
3613,4540,2442
3614,4538,2439
3615,4543,2440
3616,4548,2440
3617,4554,2443
3618,4562,2448
3619,4557,2443
3620,4552,2438
3621,4551,2442
3622,4551,2437
3623,4549,2434
3624,4549,2437
3625,4543,2443
3626,4543,2439
3627,4551,2444
3628,4547,2443
3629,4544,2447
3630,4544,2451
3631,4545,2457
3632,4539,2463
3633,4534,2469
3634,4532,2472
3635,4538,2476
3636,4534,2477
3637,4535,2480
3638,4531,2479
3639,4536,2482
3640,4542,2479
3641,4549,2484
3642,4545,2484
3643,4551,2481
3644,4545,2477
3645,4545,2480
3646,4539,2486
3647,4539,2492
3648,4536,2487
3649,4532,2493
3650,4535,2495
3651,4530,2494
3652,4525,2491
3653,4526,2494
3654,4534,2497
3655,4529,2502
3656,4535,2508
3657,4533,2504
3658,4531,2509
3659,4531,2508
3660,4538,2509
3661,4533,2504
3662,4531,2505
3663,4528,2501
3664,4529,2506
3665,4535,2503
3666,4543,2498
3667,4549,2504
3668,4552,2503
3669,4556,2508
3670,4555,2514
3671,4562,2517
3672,4568,2518
3673,4572,2513
3674,4577,2509
3675,4579,2510
3676,4579,2511
3677,4576,2509
3678,4572,2504
3679,4566,2503
3680,4561,2498
3681,4557,2493
3682,4563,2490
3683,4562,2486
3684,4556,2486
3685,4563,2485
3686,4570,2491
3687,4574,2497
3688,4571,2493
3689,4572,2497
3690,4576,2497
3691,4577,2498
3692,4584,2498
3693,4585,2499
3694,4586,2494
3695,4590,2500
3696,4585,2503
3697,4593,2507
3698,4591,2508
3699,4592,2506
3700,4598,2512
3701,4602,2508
3702,4602,2504
3703,4603,2506
3704,4610,2512
3705,4612,2509
3706,4612,2510
3707,4611,2506
3708,4606,2510
3709,4608,2506
3710,4605,2506
3711,4600,2502
3712,4601,2500
3713,4603,2504
3714,4609,2501
3715,4617,2499
3716,4619,2498
3717,4614,2496
3718,4613,2499
3719,4615,2503
3720,4622,2502
3721,4621,2497
3722,4620,2497
3723,4619,2500
3724,4622,2503
3725,4628,2501
3726,4623,2496
3727,4626,2492
3728,4633,2488
3729,4636,2490
3730,4637,2491
3731,4638,2492
3732,4641,2498
3733,4639,2499
3734,4638,2496
3735,4637,2494
3736,4644,2491
3737,4652,2496
3738,4650,2498
3739,4645,2501
3740,4652,2499
3741,4655,2495
3742,4651,2490
3743,4656,2496
3744,4651,2493
3745,4650,2490
3746,4658,2492
3747,4653,2497
3748,4658,2500
3749,4659,2498
3750,4665,2501
3751,4669,2499
3752,4668,2496
3753,4665,2502
3754,4664,2501
3755,4665,2499
3756,4665,2495
3757,4673,2493
3758,4667,2492
3759,4665,2495
3760,4670,2490
3761,4675,2487
3762,4672,2486
3763,4670,2484
3764,4671,2489
3765,4669,2488
3766,4675,2486
3767,4678,2483
3768,4673,2480
3769,4675,2475
3770,4673,2477
3771,4681,2477
3772,4680,2482
3773,4679,2485
3774,4682,2488
3775,4688,2492
3776,4682,2490
3777,4676,2486
3778,4679,2486
3779,4679,2488
3780,4678,2487
3781,4679,2482
3782,4687,2486
3783,4685,2484
3784,4680,2479
3785,4677,2477
3786,4671,2472
3787,4669,2475
3788,4664,2480
3789,4670,2480
3790,4667,2485
3791,4664,2484
3792,4671,2486
3793,4672,2482
3794,4667,2481
3795,4672,2478
3796,4679,2477
3797,4681,2480
3798,4677,2486
3799,4682,2485
3800,4688,2482
3801,4691,2483
3802,4692,2486
3803,4687,2484
3804,4684,2480
3805,4690,2479
3806,4687,2475
3807,4695,2474
3808,4697,2479
3809,4703,2476
3810,4700,2480
3811,4700,2479
3812,4708,2477
3813,4702,2475
3814,4702,2476
3815,4707,2474
3816,4707,2480
3817,4715,2483
3818,4721,2480
3819,4721,2479
3820,4722,2482
3821,4730,2486
3822,4727,2491
3823,4726,2486
3824,4724,2488
3825,4732,2490
3826,4729,2486
3827,4737,2481
3828,4741,2484
3829,4737,2484
3830,4743,2480
3831,4748,2477
3832,4751,2476
3833,4759,2478
3834,4764,2477
3835,4764,2476
3836,4772,2482
3837,4770,2479
3838,4766,2477
3839,4770,2476
3840,4766,2475
3841,4770,2478
3842,4770,2479
3843,4769,2474
3844,4770,2474
3845,4765,2473
3846,4767,2477
3847,4773,2477
3848,4777,2483
3849,4779,2482
3850,4779,2480
3851,4783,2478
3852,4785,2480
3853,4786,2484
3854,4791,2489
3855,4785,2492
3856,4791,2489
3857,4795,2489
3858,4803,2493
3859,4802,2497
3860,4805,2500
3861,4813,2504
3862,4814,2501
3863,4815,2506
3864,4821,2510
3865,4821,2506
3866,4817,2501
3867,4825,2500
3868,4820,2506
3869,4818,2510
3870,4819,2507
3871,4817,2512
3872,4819,2510
3873,4825,2516
3874,4820,2519
3875,4825,2519
3876,4830,2524
3877,4837,2526
3878,4841,2523
3879,4837,2518
3880,4836,2521
3881,4830,2523
3882,4829,2527
3883,4824,2527
3884,4832,2529
3885,4836,2535
3886,4842,2531
3887,4841,2533
3888,4849,2538
3889,4851,2539
3890,4845,2535
3891,4850,2540
3892,4857,2542
3893,4852,2540
3894,4847,2538
3895,4848,2539
3896,4843,2544
3897,4837,2550
3898,4844,2556
3899,4843,2553
3900,4847,2551
3901,4846,2549
3902,4853,2544
3903,4857,2544
3904,4858,2543
3905,4865,2540
3906,4860,2539
3907,4856,2540
3908,4861,2540
3909,4857,2539
3910,4858,2540
3911,4861,2544
3912,4863,2540
3913,4867,2539
3914,4868,2537
3915,4862,2543
3916,4859,2543
3917,4863,2541
3918,4869,2544
3919,4869,2544
3920,4870,2548
3921,4869,2553
3922,4863,2552
3923,4870,2553
3924,4868,2548
3925,4874,2544
3926,4875,2546
3927,4875,2550
3928,4877,2553
3929,4881,2556
3930,4880,2561
3931,4875,2565
3932,4882,2570
3933,4886,2566
3934,4894,2563
3935,4899,2569
3936,4894,2573
3937,4890,2569
3938,4897,2572
3939,4897,2567
3940,4900,2569
3941,4895,2575
3942,4896,2570
3943,4890,2572
3944,4889,2572
3945,4888,2576
3946,4884,2575
3947,4891,2575
3948,4891,2575
3949,4887,2573
3950,4883,2574
3951,4890,2571
3952,4891,2577
3953,4898,2575
3954,4895,2570
3955,4889,2565
3956,4884,2568
3957,4889,2570
3958,4889,2572
3959,4890,2568
3960,4898,2571
3961,4896,2573
3962,4892,2570
3963,4893,2568
3964,4898,2570
3965,4900,2567
3966,4900,2565
3967,4896,2564
3968,4893,2560
3969,4891,2556
3970,4892,2551
3971,4891,2557
3972,4886,2556
3973,4883,2555
3974,4890,2557
3975,4895,2557
3976,4889,2562
3977,4890,2564
3978,4884,2559
3979,4879,2563
3980,4887,2564
3981,4885,2560
3982,4892,2555
3983,4892,2560
3984,4887,2560
3985,4893,2566
3986,4892,2570
3987,4895,2572
3988,4892,2575
3989,4898,2579
3990,4899,2581
3991,4900,2587
3992,4904,2588
3993,4908,2586
3994,4904,2584
3995,4912,2589
3996,4919,2584
3997,4919,2586
3998,4916,2582
3999,4915,2579
4000,4912,2574
4001,4910,2573
4002,4917,2568
4003,4922,2567
4004,4925,2572
4005,4932,2577
4006,4926,2576
4007,4931,2579
4008,4926,2583
4009,4925,2581
4010,4933,2584
4011,4929,2580
4012,4932,2577
4013,4933,2579
4014,4938,2575
4015,4937,2576
4016,4937,2575
4017,4934,2571
4018,4934,2569
4019,4936,2572
4020,4933,2573
4021,4936,2568
4022,4938,2566
4023,4935,2571
4024,4936,2568
4025,4939,2564
4026,4945,2569
4027,4942,2572
4028,4941,2568
4029,4940,2564
4030,4944,2562
4031,4944,2558
4032,4946,2557
4033,4941,2557
4034,4945,2562
4035,4949,2560
4036,4945,2556
4037,4939,2560
4038,4935,2558
4039,4935,2560
4040,4943,2561
4041,4941,2564
4042,4947,2570
4043,4947,2576
4044,4950,2575
4045,4951,2581
4046,4952,2578
4047,4952,2580
4048,4951,2584
4049,4956,2579
4050,4955,2576
4051,4953,2575
4052,4947,2576
4053,4946,2572
4054,4950,2572
4055,4950,2574
4056,4950,2570
4057,4953,2569
4058,4954,2571
4059,4951,2574
4060,4945,2577
4061,4939,2576
4062,4939,2573
4063,4941,2571
4064,4945,2574
4065,4950,2573
4066,4949,2572
4067,4951,2573
4068,4957,2575
4069,4955,2579
4070,4957,2578
4071,4963,2582
4072,4958,2578
4073,4965,2576
4074,4961,2574
4075,4967,2579
4076,4963,2578
4077,4967,2573
4078,4965,2579
4079,4968,2583
4080,4966,2582
4081,4967,2582
4082,4961,2577
4083,4959,2583
4084,4955,2584
4085,4956,2584
4086,4959,2584
4087,4963,2590
4088,4962,2596
4089,4960,2598
4090,4957,2596
4091,4962,2599
4092,4968,2597
4093,4970,2599
4094,4976,2601
4095,4977,2598
4096,4972,2594
4097,4968,2599
4098,4972,2596
4099,4977,2600
4100,4984,2602
4101,4989,2606
4102,4996,2603
4103,4994,2603
4104,4989,2605
4105,4995,2611
4106,5002,2609
4107,4999,2614
4108,5002,2611
4109,5001,2612
4110,4997,2609
4111,5000,2612
4112,5000,2612
4113,4999,2609
4114,4997,2606
4115,5004,2601
4116,5004,2604
4117,5012,2607
4118,5019,2607
4119,5014,2606
4120,5015,2602
4121,5020,2598
4122,5024,2603
4123,5019,2605
4124,5022,2600
4125,5021,2596
4126,5023,2597
4127,5022,2600
4128,5019,2597
4129,5025,2598
4130,5023,2602
4131,5031,2597
4132,5036,2601
4133,5030,2604
4134,5038,2607
4135,5039,2612
4136,5047,2617
4137,5051,2614
4138,5055,2618
4139,5049,2615
4140,5051,2611
4141,5058,2616
4142,5053,2617
4143,5051,2614
4144,5057,2615
4145,5064,2611
4146,5068,2607
4147,5071,2611
4148,5074,2609
4149,5073,2605
4150,5076,2601
4151,5072,2605
4152,5079,2604
4153,5085,2607
4154,5088,2603
4155,5095,2600
4156,5103,2604
4157,5111,2601
4158,5106,2604
4159,5103,2607
4160,5107,2606
4161,5105,2611
4162,5100,2611
4163,5102,2614
4164,5104,2618
4165,5107,2621
4166,5114,2618
4167,5116,2619
4168,5111,2623
4169,5114,2618
4170,5118,2619
4171,5122,2623
4172,5119,2622
4173,5127,2620
4174,5128,2620
4175,5129,2616
4176,5134,2620
4177,5129,2623
4178,5124,2625
4179,5120,2631
4180,5117,2636
4181,5124,2640
4182,5118,2635
4183,5116,2634
4184,5113,2629
4185,5117,2629
4186,5119,2629
4187,5121,2628
4188,5126,2624
4189,5122,2619
4190,5125,2617
4191,5133,2623
4192,5129,2622
4193,5124,2625
4194,5130,2621
4195,5134,2618
4196,5132,2613
4197,5130,2610
4198,5129,2610
4199,5135,2606
4200,5131,2601
4201,5136,2606
4202,5135,2609
4203,5132,2608
4204,5139,2608
4205,5145,2613
4206,5139,2610
4207,5146,2611
4208,5144,2614
4209,5145,2620
4210,5149,2621
4211,5145,2623
4212,5150,2627
4213,5156,2633
4214,5156,2635
4215,5152,2635
4216,5159,2638
4217,5166,2643
4218,5167,2644
4219,5166,2648
4220,5168,2649
4221,5169,2650
4222,5167,2646
4223,5166,2642
4224,5168,2637
4225,5169,2638
4226,5169,2642
4227,5173,2645
4228,5181,2646
4229,5176,2652
4230,5180,2656
4231,5182,2657
4232,5181,2662
4233,5181,2666
4234,5185,2667
4235,5183,2668
4236,5188,2664
4237,5196,2661
4238,5196,2656
4239,5196,2653
4240,5202,2655
4241,5206,2655
4242,5202,2657
4243,5210,2657
4244,5217,2655
4245,5224,2652
4246,5223,2652
4247,5226,2650
4248,5231,2648
4249,5237,2649
4250,5240,2646
4251,5237,2649
4252,5239,2649
4253,5246,2651
4254,5247,2651
4255,5248,2654
4256,5253,2653
4257,5255,2652
4258,5257,2657
4259,5255,2657
4260,5255,2653
4261,5258,2648
4262,5261,2650
4263,5265,2651
4264,5264,2648
4265,5263,2654
4266,5258,2654
4267,5253,2651
4268,5259,2648
4269,5255,2647
4270,5249,2642
4271,5254,2647
4272,5262,2653
4273,5266,2649
4274,5266,2650
4275,5273,2645
4276,5280,2640
4277,5277,2640
4278,5277,2640
4279,5276,2645
4280,5282,2643
4281,5277,2643
4282,5275,2646
4283,5276,2652
4284,5279,2653
4285,5282,2655
4286,5290,2651
4287,5286,2650
4288,5290,2650
4289,5285,2651
4290,5288,2657
4291,5291,2663
4292,5295,2661
4293,5298,2658
4294,5297,2662
4295,5304,2668
4296,5312,2666
4297,5306,2672
4298,5314,2676
4299,5317,2682
4300,5315,2685
4301,5309,2691
4302,5305,2695
4303,5302,2698
4304,5301,2694
4305,5296,2695
4306,5293,2692
4307,5291,2698
4308,5294,2701
4309,5288,2702
4310,5283,2706
4311,5281,2705
4312,5282,2705
4313,5283,2703
4314,5284,2706
4315,5288,2703
4316,5293,2704
4317,5291,2702
4318,5289,2698
4319,5283,2694
4320,5285,2694
4321,5292,2699
4322,5296,2699
4323,5301,2703
4324,5309,2703
4325,5312,2708
4326,5317,2703
4327,5316,2704
4328,5320,2699
4329,5320,2703
4330,5315,2706
4331,5321,2704
4332,5328,2706
4333,5332,2712
4334,5332,2712
4335,5331,2713
4336,5331,2708
4337,5331,2703
4338,5338,2702
4339,5336,2700
4340,5337,2698
4341,5345,2697
4342,5344,2693
4343,5341,2693
4344,5346,2691
4345,5353,2689
4346,5359,2691
4347,5354,2692
4348,5354,2695
4349,5355,2692
4350,5357,2697
4351,5357,2694
4352,5352,2693
4353,5348,2688
4354,5344,2690
4355,5349,2695
4356,5355,2692
4357,5359,2690
4358,5355,2687
4359,5355,2684
4360,5353,2688
4361,5351,2691
4362,5345,2694
4363,5351,2699
4364,5357,2705
4365,5355,2711
4366,5360,2707
4367,5354,2709
4368,5351,2708
4369,5357,2703
4370,5364,2708
4371,5365,2706
4372,5366,2711
4373,5361,2713
4374,5357,2708
4375,5361,2704
4376,5356,2703
4377,5357,2703
4378,5358,2708
4379,5364,2704
4380,5370,2699
4381,5378,2702
4382,5380,2703
4383,5388,2704
4384,5395,2703
4385,5391,2706
4386,5387,2709
4387,5382,2714
4388,5379,2711
4389,5387,2708
4390,5394,2714
4391,5390,2715
4392,5392,2717
4393,5398,2712
4394,5394,2717
4395,5396,2723
4396,5395,2723
4397,5389,2729
4398,5386,2727
4399,5386,2723
4400,5394,2718
4401,5392,2720
4402,5398,2716
4403,5405,2722
4404,5403,2719
4405,5411,2719
4406,5419,2716
4407,5425,2712
4408,5431,2710
4409,5436,2710
4410,5431,2707
4411,5427,2708
4412,5425,2706
4413,5421,2708
4414,5423,2705
4415,5431,2706
4416,5425,2711
4417,5431,2716
4418,5437,2717
4419,5442,2721
4420,5448,2724
4421,5456,2728
4422,5454,2729
4423,5456,2725
4424,5461,2720
4425,5456,2719
4426,5450,2723
4427,5456,2726
4428,5463,2726
4429,5467,2729
4430,5464,2731
4431,5472,2733
4432,5469,2736
4433,5470,2738
4434,5474,2743
4435,5481,2742
4436,5481,2741
4437,5479,2746
4438,5478,2751
4439,5481,2752
4440,5479,2755
4441,5487,2759
4442,5487,2755
4443,5487,2758
4444,5493,2764
4445,5487,2762
4446,5491,2758
4447,5497,2759
4448,5500,2760
4449,5499,2766
4450,5496,2768
4451,5490,2773
4452,5484,2779
4453,5482,2782
4454,5483,2788
4455,5487,2789
4456,5481,2786
4457,5485,2782
4458,5488,2786
4459,5486,2785
4460,5480,2784
4461,5488,2780
4462,5492,2781
4463,5488,2782
4464,5491,2777
4465,5496,2776
4466,5497,2772
4467,5502,2769
4468,5510,2767
4469,5505,2765
4470,5509,2766
4471,5511,2772
4472,5519,2772
4473,5527,2775
4474,5534,2772
4475,5533,2778
4476,5529,2782
4477,5534,2787
4478,5530,2791
4479,5529,2794
4480,5524,2798
4481,5528,2796
4482,5533,2796
4483,5531,2801
4484,5529,2800
4485,5528,2802
4486,5531,2797
4487,5538,2802
4488,5545,2801
4489,5550,2800
4490,5544,2797
4491,5543,2801
4492,5544,2806
4493,5545,2803
4494,5544,2798
4495,5552,2800
4496,5557,2804
4497,5562,2801
4498,5556,2797
4499,5560,2793
4500,5568,2796
4501,5573,2798
4502,5571,2798
4503,5565,2797
4504,5572,2801
4505,5569,2797
4506,5573,2798
4507,5572,2794
4508,5578,2789
4509,5574,2784
4510,5577,2780
4511,5580,2779
4512,5580,2781
4513,5582,2778
4514,5576,2782
4515,5584,2779
4516,5587,2776
4517,5594,2775
4518,5594,2771
4519,5600,2773
4520,5594,2778
4521,5590,2779
4522,5592,2776
4523,5589,2775
4524,5595,2781
4525,5603,2783
4526,5610,2788
4527,5613,2788
4528,5619,2785
4529,5619,2791
4530,5617,2786
4531,5625,2788
4532,5622,2787
4533,5627,2792
4534,5624,2791
4535,5628,2797
4536,5629,2801
4537,5629,2804
4538,5634,2808
4539,5628,2806
4540,5628,2803
4541,5623,2802
4542,5624,2807
4543,5627,2802
4544,5623,2802
4545,5630,2801
4546,5636,2806
4547,5633,2811
4548,5635,2814
4549,5639,2809
4550,5638,2804
4551,5641,2807
4552,5649,2810
4553,5654,2814
4554,5654,2809
4555,5662,2809
4556,5661,2811
4557,5657,2817
4558,5663,2813
4559,5658,2815
4560,5653,2813
4561,5647,2818
4562,5653,2817
4563,5661,2812
4564,5659,2813
4565,5660,2814
4566,5656,2811
4567,5658,2813
4568,5653,2815
4569,5647,2812
4570,5648,2815
4571,5654,2811
4572,5649,2813
4573,5649,2817
4574,5647,2813
4575,5654,2813
4576,5650,2819
4577,5648,2817
4578,5656,2818
4579,5664,2821
4580,5664,2816
4581,5662,2819
4582,5665,2824
4583,5661,2819
4584,5658,2819
4585,5657,2823
4586,5665,2827
4587,5667,2823
4588,5671,2829
4589,5669,2834
4590,5669,2840
4591,5676,2837
4592,5677,2838
4593,5677,2843
4594,5676,2843
4595,5671,2844
4596,5675,2840
4597,5674,2840
4598,5680,2841
4599,5681,2846
4600,5689,2843
4601,5693,2846
4602,5701,2849
4603,5697,2844
4604,5702,2843
4605,5710,2846
4606,5704,2842
4607,5701,2846
4608,5704,2850
4609,5698,2846
4610,5704,2848
4611,5704,2846
4612,5698,2843
4613,5705,2839
4614,5701,2835
4615,5705,2838
4616,5711,2833
4617,5711,2837
4618,5710,2842
4619,5713,2844
4620,5721,2846
4621,5725,2850
4622,5727,2856
4623,5733,2859
4624,5741,2863
4625,5736,2865
4626,5736,2860
4627,5730,2859
4628,5734,2863
4629,5736,2867
4630,5743,2871
4631,5739,2868
4632,5733,2864
4633,5740,2866
4634,5745,2865
4635,5750,2870
4636,5756,2872
4637,5751,2869
4638,5758,2872
4639,5754,2874
4640,5751,2875
4641,5755,2881
4642,5749,2887
4643,5745,2888
4644,5749,2883
4645,5743,2880
4646,5743,2876
4647,5743,2876
4648,5742,2877
4649,5740,2878
4650,5748,2880
4651,5746,2875
4652,5753,2876
4653,5760,2879
4654,5760,2882
4655,5755,2880
4656,5763,2880
4657,5763,2879
4658,5764,2879
4659,5767,2879
4660,5763,2877
4661,5757,2879
4662,5762,2879
4663,5767,2878
4664,5770,2880
4665,5766,2875
4666,5770,2880
4667,5768,2882
4668,5766,2881
4669,5771,2880
4670,5775,2885
4671,5773,2883
4672,5771,2879
4673,5768,2875
4674,5767,2871
4675,5765,2867
4676,5763,2872
4677,5762,2878
4678,5757,2876
4679,5753,2876
4680,5756,2872
4681,5764,2876
4682,5760,2878
4683,5768,2874
4684,5766,2879
4685,5760,2879
4686,5764,2880
4687,5768,2882
4688,5770,2884
4689,5766,2885
4690,5766,2890
4691,5773,2895
4692,5771,2900
4693,5765,2899
4694,5767,2897
4695,5761,2899
4696,5762,2904
4697,5768,2905
4698,5765,2906
4699,5770,2901
4700,5765,2903
4701,5765,2903
4702,5772,2906
4703,5772,2908
4704,5771,2911
4705,5769,2914
4706,5776,2917
4707,5783,2919
4708,5779,2923
4709,5785,2923
4710,5788,2921
4711,5787,2927
4712,5789,2933
4713,5791,2930
4714,5796,2926
4715,5794,2922
4716,5799,2924
4717,5804,2930
4718,5799,2931
4719,5802,2936
4720,5805,2934
4721,5801,2936
4722,5806,2931
4723,5812,2928
4724,5807,2929
4725,5802,2930
4726,5800,2933
4727,5797,2934
4728,5802,2929
4729,5809,2935
4730,5808,2937
4731,5809,2932
4732,5811,2938
4733,5807,2934
4734,5806,2932
4735,5803,2934
4736,5810,2939
4737,5809,2944
4738,5812,2944
4739,5809,2942
4740,5803,2937
4741,5806,2937
4742,5811,2933
4743,5807,2928
4744,5814,2932
4745,5808,2936
4746,5811,2932
4747,5813,2929
4748,5816,2930
4749,5815,2931
4750,5811,2926
4751,5807,2926
4752,5815,2932
4753,5815,2936
4754,5812,2931
4755,5810,2926
4756,5806,2930
4757,5805,2929
4758,5813,2935
4759,5817,2941
4760,5815,2947
4761,5816,2947
4762,5810,2946
4763,5814,2942
4764,5815,2941
4765,5822,2942
4766,5828,2943
4767,5826,2938
4768,5827,2938
4769,5823,2942
4770,5831,2942
4771,5839,2948
4772,5838,2954
4773,5844,2952
4774,5842,2957
4775,5840,2956
4776,5840,2957
4777,5837,2961
4778,5838,2959
4779,5843,2960
4780,5838,2959
4781,5839,2960
4782,5843,2962
4783,5845,2961
4784,5843,2956
4785,5846,2953
4786,5844,2950
4787,5838,2946
4788,5841,2942
4789,5844,2939
4790,5850,2941
4791,5847,2944
4792,5841,2939
4793,5841,2945
4794,5843,2947
4795,5842,2949
4796,5849,2947
4797,5853,2944
4798,5856,2940
4799,5856,2935
4800,5860,2936
4801,5861,2934
4802,5864,2938
4803,5865,2944
4804,5859,2949
4805,5861,2953
4806,5865,2959
4807,5860,2958
4808,5868,2961
4809,5864,2960
4810,5867,2960
4811,5862,2963
4812,5856,2968
4813,5858,2970
4814,5863,2970
4815,5860,2971
4816,5865,2974
4817,5862,2972
4818,5867,2972
4819,5865,2977
4820,5865,2974
4821,5863,2972
4822,5867,2977
4823,5861,2979
4824,5860,2979
4825,5854,2982
4826,5855,2987
4827,5854,2985
4828,5857,2987
4829,5861,2985
4830,5857,2985
4831,5858,2986
4832,5859,2988
4833,5864,2987
4834,5858,2984
4835,5864,2989
4836,5859,2985
4837,5867,2980
4838,5872,2979
4839,5879,2984
4840,5873,2986
4841,5871,2984
4842,5870,2984
4843,5865,2983
4844,5869,2978
4845,5868,2978
4846,5869,2974
4847,5877,2977
4848,5875,2982
4849,5869,2987
4850,5865,2983
4851,5859,2978
4852,5861,2978
4853,5861,2973
4854,5866,2973
4855,5860,2975
4856,5857,2978
4857,5851,2979
4858,5845,2979
4859,5853,2976
4860,5851,2975
4861,5854,2974
4862,5852,2976
4863,5858,2971
4864,5863,2975
4865,5869,2975
4866,5866,2977
4867,5869,2975
4868,5876,2970
4869,5871,2971
4870,5878,2976
4871,5879,2976
4872,5882,2978
4873,5877,2974
4874,5874,2977
4875,5880,2980
4876,5885,2985
4877,5883,2985
4878,5878,2985
4879,5885,2988
4880,5889,2983
4881,5890,2983
4882,5885,2980
4883,5892,2982
4884,5889,2986
4885,5885,2984
4886,5881,2988
4887,5876,2984
4888,5880,2985
4889,5877,2991
4890,5876,2987
4891,5873,2991
4892,5880,2991
4893,5877,2992
4894,5878,2993
4895,5886,2998
4896,5893,2995
4897,5899,2991
4898,5904,2988
4899,5907,2983
4900,5908,2986
4901,5905,2989
4902,5910,2993
4903,5916,2996
4904,5915,3001
4905,5918,3001
4906,5923,3006
4907,5924,3001
4908,5921,2999
4909,5929,2997
4910,5936,3000
4911,5944,3000
4912,5938,3002
4913,5946,3000
4914,5945,3006
4915,5952,3006
4916,5949,3003
4917,5954,2998
4918,5961,2999
4919,5964,2996
4920,5966,2994
4921,5965,3000
4922,5962,3000
4923,5956,3006
4924,5960,3012
4925,5958,3013
4926,5958,3018
4927,5966,3024
4928,5973,3021
4929,5968,3025
4930,5972,3021
4931,5976,3024
4932,5979,3022
4933,5981,3024
4934,5986,3030
4935,5986,3026
4936,5988,3030
4937,5985,3027
4938,5983,3029
4939,5984,3025
4940,5980,3026
4941,5984,3025
4942,5992,3026
4943,5994,3030
4944,5999,3025
4945,5999,3024
4946,6003,3023
4947,6009,3027
4948,6005,3032
4949,6010,3032
4950,6017,3027
4951,6018,3027
4952,6026,3029
4953,6032,3030
4954,6036,3027
4955,6037,3026
4956,6033,3026
4957,6037,3022
4958,6035,3018
4959,6041,3014
4960,6044,3018
4961,6048,3020
4962,6054,3026
4963,6050,3025
4964,6051,3026
4965,6059,3030
4966,6058,3034
4967,6062,3029
4968,6069,3032
4969,6066,3037
4970,6063,3033
4971,6065,3039
4972,6059,3037
4973,6057,3040
4974,6059,3035
4975,6064,3033
4976,6072,3039
4977,6076,3045
4978,6079,3045
4979,6083,3040
4980,6081,3038
4981,6081,3033
4982,6080,3028
4983,6081,3026
4984,6087,3032
4985,6090,3035
4986,6095,3040
4987,6090,3036
4988,6094,3031
4989,6089,3026
4990,6085,3022
4991,6081,3021
4992,6085,3021
4993,6080,3016
4994,6079,3013
4995,6079,3013
4996,6087,3009
4997,6083,3005
4998,6085,3011
4999,6084,3012
5000,6085,3010
5001,6081,3009
5002,6088,3009
5003,6096,3009
5004,6094,3012
5005,6097,3018
5006,6091,3023
5007,6098,3019
5008,6103,3019
5009,6111,3017
5010,6117,3023
5011,6114,3019
5012,6121,3023
5013,6123,3022
5014,6127,3028
5015,6129,3026
5016,6128,3021
5017,6124,3016
5018,6118,3017
5019,6115,3019
5020,6112,3014
5021,6115,3017
5022,6117,3012
5023,6125,3018
5024,6119,3018
5025,6121,3016
5026,6124,3013
5027,6121,3010
5028,6125,3014
5029,6124,3015
5030,6122,3015
5031,6127,3018
5032,6127,3016
5033,6125,3017
5034,6126,3012
5035,6124,3010
5036,6118,3011
5037,6115,3008
5038,6119,3014
5039,6122,3013
5040,6123,3009
5041,6129,3012
5042,6124,3011
5043,6122,3017
5044,6121,3012
5045,6124,3013
5046,6131,3012
5047,6130,3007
5048,6124,3004
5049,6126,2999
5050,6120,2994
5051,6125,2994
5052,6123,2996
5053,6131,3002
5054,6136,3003
5055,6135,3000
5056,6130,2998
5057,6124,2998
5058,6124,2998
5059,6118,3004
5060,6116,3000
5061,6110,2999
5062,6115,3004
5063,6115,3002
5064,6114,3008
5065,6114,3006
5066,6119,3001
5067,6125,2997
5068,6130,2998
5069,6133,3000
5070,6137,3005
5071,6133,3003
5072,6131,3007
5073,6133,3011
5074,6135,3009
5075,6140,3007
5076,6134,3010
5077,6142,3016
5078,6143,3022
5079,6145,3018
5080,6153,3018
5081,6156,3022
5082,6157,3019
5083,6165,3015
5084,6171,3013
5085,6171,3010
5086,6178,3011
5087,6172,3008
5088,6170,3005
5089,6177,3005
5090,6174,3000
5091,6181,3002
5092,6188,3002
5093,6182,2999
5094,6188,3003
5095,6196,3005
5096,6204,3010
5097,6212,3013
5098,6215,3009
5099,6218,3011
5100,6216,3011
5101,6223,3015
5102,6220,3017
5103,6218,3016
5104,6224,3016
5105,6229,3014
5106,6228,3019
5107,6233,3025
5108,6230,3026
5109,6238,3024
5110,6238,3022
5111,6241,3019
5112,6242,3019
5113,6246,3021
5114,6252,3024
5115,6260,3022
5116,6267,3021
5117,6272,3019
5118,6274,3014
5119,6275,3017
5120,6271,3014
5121,6276,3010
5122,6284,3005
5123,6292,3001
5124,6289,3001
5125,6290,2997
5126,6294,3001
5127,6301,3006
5128,6299,3002
5129,6303,3001
5130,6298,2999
5131,6296,2996
5132,6304,2996
5133,6303,2996
5134,6306,2991
5135,6312,2986
5136,6319,2983
5137,6315,2986
5138,6323,2987
5139,6319,2984
5140,6314,2984
5141,6311,2982
5142,6312,2979
5143,6307,2981
5144,6307,2983
5145,6305,2986
5146,6306,2992
5147,6301,2990
5148,6299,2995
5149,6300,3001
5150,6299,2998
5151,6306,2997
5152,6304,3002
5153,6303,3002
5154,6305,3000
5155,6306,2997
5156,6313,2996
5157,6307,2996
5158,6310,2994
5159,6306,2991
5160,6312,2989
5161,6320,2988
5162,6326,2987
5163,6327,2993
5164,6335,2988
5165,6335,2988
5166,6329,2988
5167,6325,2989
5168,6319,2994
5169,6317,3000
5170,6319,3000
5171,6324,3000
5172,6330,2996
5173,6335,2998
5174,6330,2996
5175,6324,2994
5176,6325,2995
5177,6330,2992
5178,6328,2988
5179,6328,2984
5180,6333,2979
5181,6340,2981
5182,6343,2986
5183,6347,2988
5184,6353,2985
5185,6347,2989
5186,6353,2989
5187,6348,2988
5188,6356,2991
5189,6357,2992
5190,6355,2993
5191,6360,2997
5192,6354,2999
5193,6357,2998
5194,6355,3000
5195,6352,2996
5196,6359,2993
5197,6363,2998
5198,6360,2994
5199,6366,2998
5200,6362,2997
5201,6356,2992
5202,6356,2988
5203,6353,2990
5204,6358,2993
5205,6365,2990
5206,6367,2985
5207,6362,2988
5208,6356,2991
5209,6358,2987
5210,6366,2982
5211,6373,2985
5212,6374,2990
5213,6375,2987
5214,6383,2984
5215,6377,2988
5216,6385,2987
5217,6387,2983
5218,6382,2988
5219,6377,2986
5220,6380,2991
5221,6380,2993
5222,6387,2989
5223,6389,2987
5224,6392,2992
5225,6400,2993
5226,6399,2998
5227,6403,2994
5228,6408,2994
5229,6416,2991
5230,6412,2989
5231,6411,2992
5232,6415,2992
5233,6409,2998
5234,6409,3002
5235,6403,3004
5236,6399,3008
5237,6404,3005
5238,6398,3005
5239,6406,3000
5240,6403,3003
5241,6402,3003
5242,6407,3003
5243,6409,3007
5244,6408,3007
5245,6414,3007
5246,6411,3006
5247,6409,3003
5248,6410,3007
5249,6412,3010
5250,6407,3009
5251,6408,3012
5252,6405,3015
5253,6410,3019
5254,6415,3015
5255,6423,3019
5256,6419,3022
5257,6426,3025
5258,6432,3022
5259,6427,3019
5260,6422,3025
5261,6420,3020
5262,6417,3023
5263,6420,3028
5264,6426,3028
5265,6422,3034
5266,6423,3036
5267,6424,3032
5268,6427,3031
5269,6427,3029
5270,6435,3032
5271,6441,3035
5272,6444,3035
5273,6446,3038
5274,6440,3044
5275,6445,3043
5276,6443,3042
5277,6446,3040
5278,6445,3045
5279,6449,3047
5280,6444,3046
5281,6441,3043
5282,6439,3049
5283,6447,3051
5284,6450,3056
5285,6444,3056
5286,6443,3051
5287,6451,3056
5288,6453,3051
5289,6461,3053
5290,6458,3059
5291,6456,3065
5292,6454,3064
5293,6458,3059
5294,6464,3064
5295,6471,3064
5296,6478,3066
5297,6481,3070
5298,6482,3072
5299,6481,3073
5300,6475,3079
5301,6474,3077
5302,6482,3083
5303,6482,3086
5304,6477,3089
5305,6482,3091
5306,6484,3091
5307,6479,3089
5308,6485,3085
5309,6485,3082
5310,6488,3087
5311,6486,3088
5312,6484,3083
5313,6492,3084
5314,6490,3084
5315,6486,3083
5316,6488,3087
5317,6486,3084
5318,6487,3087
5319,6492,3082
5320,6499,3084
5321,6506,3082
5322,6503,3085
5323,6499,3085
5324,6494,3081
5325,6497,3080
5326,6498,3082
5327,6492,3084
5328,6499,3079
5329,6494,3078
5330,6490,3082
5331,6486,3080
